{"type":"FeatureCollection","features":[{"type":"Feature","id":"A1","properties":{"code":"A1","band":"A","column":1,"bounds":[26,40,28,42],"labelPoint":[26.831428314283144,41.04923848421272],"squareCentroid":[27,41],"provinces":["Çanakkale","Edirne","Tekirdağ","Gökçeada"],"areaKm2":25542,"clipped":true},"geometry":{"type":"MultiPolygon","coordinates":[[[[25.66285662856629,40.12621871720245],[25.7060570605706,40.11608725358316],[25.709657096570965,40.10933294450362],[25.720457204572057,40.10426721269398],[25.745657456574577,40.097512903614444],[25.767257672576733,40.097512903614444],[25.85725857258572,40.107644367233746],[25.90045900459006,40.122841562662686],[25.968859688596893,40.1312844490121],[25.99045990459905,40.13635018082175],[26.012060120601205,40.14648164444104],[26.012060120601205,40.166744571679644],[26.004860048600506,40.166744571679644],[25.99045990459905,40.15661310806034],[25.972459724597257,40.15323595352058],[25.961659616596165,40.15661310806034],[25.972459724597257,40.17349888075917],[25.968859688596893,40.180253189838695],[25.968859688596893,40.205581848886936],[25.972459724597257,40.21402473523635],[25.972459724597257,40.22077904431589],[25.9580595805958,40.222467621585764],[25.9508595085951,40.229221930665304],[25.943659436594373,40.23766481701472],[25.936459364593645,40.24104197155448],[25.92565925659258,40.242730548824355],[25.91485914859149,40.24104197155448],[25.828458284582865,40.21740188977611],[25.760057600576005,40.207270426156825],[25.720457204572057,40.187007498918234],[25.684456844568444,40.159990262600104],[25.66285662856629,40.13297302628199],[25.66285662856629,40.12621871720245]]],[[[26.03366033660336,40.73579511163011],[26.048060480604818,40.71890933893128],[26.05886058860588,40.696957834422804],[26.062460624606246,40.675006329914325],[26.055260552605546,40.659809134485386],[26.062460624606246,40.644611939056446],[26.069660696606974,40.62772616635762],[26.076860768607702,40.612528970928665],[26.09126091260913,40.60577466184914],[26.11646116461165,40.60239750730938],[26.303663036630383,40.60070893003949],[26.357663576635787,40.612528970928665],[26.372063720637215,40.61421754819855],[26.4008640086401,40.60408608457925],[26.415264152641527,40.60746323911903],[26.429664296642983,40.61590612546844],[26.44406444064441,40.619283280008204],[26.462064620646203,40.617594702738316],[26.47646476464766,40.612528970928665],[26.505265052650543,40.599020352769614],[26.580865808658103,40.632791898167255],[26.609666096660987,40.639546207246795],[26.67806678066782,40.639546207246795],[26.692466924669247,40.64292336178656],[26.714067140671403,40.65136624813597],[26.7788677886779,40.659809134485386],[26.789667896678964,40.659809134485386],[26.796867968679692,40.65136624813597],[26.82926829268294,40.60239750730938],[26.814868148681484,40.5804460028009],[26.789667896678964,40.56356023010207],[26.757267572675744,40.555117343752656],[26.732067320673224,40.56356023010207],[26.717667176671767,40.55174018921289],[26.69606696066961,40.52641153016465],[26.685266852668548,40.514591489275475],[26.67086670866709,40.51121433473571],[26.624066240662415,40.514591489275475],[26.59526595265953,40.51121433473571],[26.562865628656283,40.499394293846535],[26.537665376653763,40.48588567568747],[26.490864908649087,40.457179862099466],[26.433264332643347,40.44029408940064],[26.386463864638642,40.409899698542745],[26.336063360633602,40.3845710394945],[26.321663216632174,40.3659966895258],[26.30006300063002,40.36430811225591],[26.24966249662498,40.34911091682697],[26.238862388623886,40.34235660774743],[26.231662316623186,40.34066803047756],[26.220862208622094,40.332225144128145],[26.210062100621002,40.32209368050884],[26.213662136621366,40.31702794869919],[26.228062280622822,40.31533937142932],[26.231662316623186,40.310273639619666],[26.228062280622822,40.30351933054014],[26.21726217262173,40.2967650214606],[26.24966249662498,40.27987924876177],[26.26766267662677,40.25792774425331],[26.271262712627134,40.23091050793518],[26.260462604626042,40.19376180799776],[26.213662136621366,40.14648164444104],[26.210062100621002,40.13635018082175],[26.202862028620302,40.11608725358316],[26.188461884618846,40.09413574907468],[26.174061740617418,40.08400428545538],[26.16686166861669,40.07893855364574],[26.159661596615962,40.067118512756565],[26.156061560615626,40.055298471867374],[26.16686166861669,40.05023274005774],[26.177661776617782,40.05023274005774],[26.231662316623186,40.06542993548668],[26.24246242462425,40.07049566729633],[26.2748627486275,40.09244717180479],[26.314463144631446,40.10933294450362],[26.328863288632903,40.11946440812292],[26.37566375663758,40.15323595352058],[26.361263612636122,40.16336741713987],[26.35046350463506,40.18194176710858],[26.346863468634695,40.200516117077285],[26.357663576635787,40.2089590034267],[26.379263792637943,40.21064758069659],[26.404464044640463,40.219090467046],[26.42606426064262,40.23091050793518],[26.44406444064441,40.24104197155448],[26.46926469264693,40.26637063060272],[26.47646476464766,40.269747785142485],[26.47646476464766,40.27312493968225],[26.498064980649815,40.290010712381076],[26.508865088650907,40.29845359873049],[26.541265412654127,40.30351933054014],[26.548465484654855,40.3068964850799],[26.60246602466026,40.34573376228721],[26.616866168661687,40.35924238044626],[26.624066240662415,40.37612815314509],[26.624066240662415,40.39301392584392],[26.631266312663143,40.39976823492346],[26.663666636666363,40.41327685308251],[26.674466744667455,40.425096893971684],[26.681666816668184,40.45549128482958],[26.69606696066961,40.46055701663923],[26.706867068670704,40.46562274844888],[26.739267392673923,40.487574252957344],[26.760867608676108,40.49601713930676],[26.822068220682212,40.5027714483863],[26.840068400684004,40.512902912005586],[26.85446854468546,40.52303437562489],[26.91206912069123,40.550051611943005],[26.951669516695176,40.56018307556231],[26.96246962469627,40.56018307556231],[26.991269912699124,40.56356023010207],[27.002070020700216,40.57031453918161],[27.0308703087031,40.60070893003949],[27.048870488704893,40.612528970928665],[27.066870668706684,40.61421754819855],[27.11367113671136,40.61421754819855],[27.142471424714245,40.62772616635762],[27.167671676716765,40.62941474362749],[27.178471784717857,40.632791898167255],[27.18207182071822,40.63616905270703],[27.192871928719285,40.64798909359621],[27.19647196471965,40.65305482540586],[27.286472864728665,40.70371214350233],[27.329673296732977,40.76112377067835],[27.42327423274233,40.83204401601343],[27.444874448744486,40.862438406871306],[27.470074700747006,40.941801538555794],[27.49167491674916,40.97557308395345],[27.52407524075241,40.989081702112514],[27.736477364773663,41.01272178389087],[27.77607776077761,41.01103320662099],[27.815678156781587,41.00259032027158],[27.830078300783015,40.99583601119204],[27.844478444784443,40.98570454757275],[27.862478624786263,40.97895023849321],[27.941679416794187,40.9705073521438],[27.95967959679598,40.97557308395345],[27.956079560795615,40.98401597030286],[27.963279632796343,40.99583601119204],[27.9848798487985,41.02285324751017],[27.995679956799563,41.031296133859584],[28,41.03372768512821],[28,41.79385762893862],[27.988479884798863,41.80466452346586],[27.970479704797043,41.82155029616469],[27.966879668796707,41.848567532482804],[27.970479704797043,41.873896191531045],[27.97767977679777,41.88740480969011],[27.992079920799227,41.89247054149976],[28,41.89247054149976],[28,41.97507574154242],[27.981279812798135,41.978587982263775],[27.966879668796707,41.98196513680354],[27.916479164791667,41.978587982263775],[27.90207902079021,41.98027655953365],[27.87687876878769,41.99040802315295],[27.85167851678517,41.9954737549626],[27.844478444784443,41.9954737549626],[27.822878228782287,41.993785177692715],[27.819278192781923,41.9954737549626],[27.812078120781223,41.9954737549626],[27.80847808478086,41.993785177692715],[27.804878048780495,41.98365371407343],[27.804878048780495,41.97014509591436],[27.80127801278013,41.96001363229506],[27.819278192781923,41.95325932321553],[27.815678156781587,41.94650501413601],[27.80127801278013,41.94312785959623],[27.790477904779067,41.94312785959623],[27.77607776077761,41.94650501413601],[27.72567725677257,41.9667679413746],[27.686076860768623,41.96845651864447],[27.610476104761062,41.95325932321553],[27.606876068760698,41.94312785959623],[27.603276032760334,41.938062127786594],[27.59967599675997,41.938062127786594],[27.588875888758906,41.94312785959623],[27.581675816758178,41.93468497324682],[27.570875708757086,41.92961924143718],[27.54927549275493,41.92455350962753],[27.552875528755294,41.921176355087766],[27.556475564755658,41.921176355087766],[27.556475564755658,41.91948777781788],[27.560075600756022,41.91779920054799],[27.556475564755658,41.916110623278115],[27.552875528755294,41.91273346873835],[27.54927549275493,41.911044891468464],[27.563675636756386,41.90597915965881],[27.545675456754566,41.900913427849176],[27.534875348753502,41.9076677369287],[27.509675096750982,41.93299639597694],[27.495274952749526,41.94312785959623],[27.419674196741965,41.973522250454124],[27.39807398073981,41.98871944588306],[27.376473764737653,42.00898237312167],[27.33327333273334,42.05795111394826],[27.304473044730457,42.078214041186854],[27.27207272072721,42.09172265934592],[27.23967239672396,42.098476968425445],[27.218072180721805,42.09509981388568],[27.203672036720377,42.08834550480614],[27.18207182071822,42.06639400029768],[27.178471784717857,42.061328268488026],[27.178471784717857,42.05795111394826],[27.174871748717493,42.056262536678375],[27.149671496714973,42.061328268488026],[27.128071280712817,42.063016845757915],[27.117271172711725,42.061328268488026],[27.099270992709933,42.071459732107314],[27.084870848708505,42.078214041186854],[27.066870668706684,42.083279772996505],[27.04527045270453,42.083279772996505],[27.023670236702372,42.0731483093772],[27.002070020700216,42.04275391851931],[26.98046980469806,42.03262245490002],[26.966069660696604,42.02924530036026],[26.958869588695904,42.01742525947107],[26.951669516695176,42.00560521858189],[26.93726937269375,41.9954737549626],[26.93006930069302,41.993785177692715],[26.91206912069123,41.99716233223248],[26.901269012690136,41.993785177692715],[26.890468904689044,41.9853422913433],[26.87966879668798,41.9853422913433],[26.872468724687252,41.98871944588306],[26.861668616686188,41.98871944588306],[26.850868508685096,41.98365371407343],[26.836468364683668,41.97521082772401],[26.82926829268294,41.96845651864447],[26.818468184681848,41.96507936410471],[26.807668076680784,41.96845651864447],[26.789667896678964,41.98027655953365],[26.7788677886779,41.98365371407343],[26.768067680676808,41.98027655953365],[26.74646746467465,41.96507936410471],[26.735667356673588,41.958325055025185],[26.717667176671767,41.956636477755296],[26.624066240662415,41.96845651864447],[26.606066060660623,41.9667679413746],[26.588065880658803,41.958325055025185],[26.559265592655947,41.936373550516706],[26.55206552065522,41.931307818707054],[26.548465484654855,41.9262420868974],[26.541265412654127,41.921176355087766],[26.54486544865449,41.916110623278115],[26.555665556655583,41.911044891468464],[26.559265592655947,41.9076677369287],[26.559265592655947,41.900913427849176],[26.555665556655583,41.89247054149976],[26.55206552065522,41.88740480969011],[26.55206552065522,41.873896191531045],[26.548465484654855,41.85701041883222],[26.541265412654127,41.838436068863516],[26.5268652686527,41.82492745070445],[26.480064800648023,41.813107409815274],[26.37566375663758,41.81648456435504],[26.332463324633267,41.789467328036906],[26.321663216632174,41.76582724625855],[26.31806318063181,41.743875741750074],[26.321663216632174,41.72361281451148],[26.332463324633267,41.713481350892195],[26.361263612636122,41.71516992816207],[26.37566375663758,41.71010419635242],[26.404464044640463,41.691529846383716],[26.44406444064441,41.684775537304176],[26.462064620646203,41.67802122822465],[26.47646476464766,41.67633265095478],[26.472864728647295,41.66113545552582],[26.465664656646567,41.649315414636646],[26.51966519665197,41.61723244650888],[26.566465664656647,41.59865809654016],[26.57726577265774,41.59021521019075],[26.59526595265953,41.61216671469923],[26.59526595265953,41.59696951927029],[26.598865988659895,41.59021521019075],[26.60246602466026,41.5851494783811],[26.598865988659895,41.57332943749192],[26.60246602466026,41.54800077844368],[26.59526595265953,41.53786931482439],[26.606066060660623,41.52267211939544],[26.609666096660987,41.505786346696624],[26.616866168661687,41.46863764675919],[26.631266312663143,41.419668905932596],[26.634866348663508,41.399405978694006],[26.634866348663508,41.379143051455415],[26.631266312663143,41.357191546946936],[26.624066240662415,41.34030577424811],[26.609666096660987,41.33017431062882],[26.591665916659167,41.32848573335893],[26.57006570065701,41.33355146516858],[26.55206552065522,41.341994351518],[26.541265412654127,41.352125815137285],[26.490864908649087,41.311599960660104],[26.480064800648023,41.30991138339023],[26.472864728647295,41.30653422885045],[26.472864728647295,41.301468497040815],[26.465664656646567,41.296402765231164],[26.436864368643683,41.2828941470721],[26.411664116641163,41.26600837437327],[26.39366393663937,41.259254065293746],[26.332463324633267,41.254188333484095],[26.321663216632174,41.24574544713468],[26.336063360633602,41.22885967443585],[26.32526325263254,41.206908169927374],[26.321663216632174,41.18833381995867],[26.32526325263254,41.169759469989955],[26.336063360633602,41.15287369729113],[26.31806318063181,41.13092219278266],[26.31806318063181,41.12247930643325],[26.332463324633267,41.119102151893486],[26.339663396633966,41.114036420083835],[26.321663216632174,41.08870776103559],[26.32526325263254,41.07351056560664],[26.339663396633966,41.051559061098175],[26.346863468634695,41.04142759747887],[26.37566375663758,41.031296133859584],[26.37566375663758,41.01947609297039],[26.36846368463685,41.00765605208122],[26.361263612636122,41.00259032027158],[26.34326343263433,41.00090174300169],[26.336063360633602,40.99752458846193],[26.332463324633267,40.99077027938239],[26.336063360633602,40.982327393032975],[26.346863468634695,40.97219592941369],[26.357663576635787,40.968818774873924],[26.357663576635787,40.96544162033415],[26.35046350463506,40.95531015671486],[26.336063360633602,40.946867270365445],[26.307263072630747,40.93673580674614],[26.29286292862929,40.926604343126854],[26.296462964629654,40.92322718858709],[26.303663036630383,40.91478430223768],[26.303663036630383,40.909718570428026],[26.289262892628926,40.906341415888264],[26.282062820628227,40.90802999315814],[26.2748627486275,40.909718570428026],[26.271262712627134,40.91478430223768],[26.26766267662677,40.919850034047315],[26.260462604626042,40.919850034047315],[26.253262532625342,40.90127568407861],[26.246062460624614,40.89114422045931],[26.238862388623886,40.88607848864967],[26.231662316623186,40.88607848864967],[26.231662316623186,40.889455643189436],[26.22446224462246,40.899587106808724],[26.228062280622822,40.889455643189436],[26.22446224462246,40.884389911379785],[26.220862208622094,40.88101275684002],[26.213662136621366,40.87932417957013],[26.210062100621002,40.87425844776048],[26.213662136621366,40.87256987049061],[26.21726217262173,40.87256987049061],[26.210062100621002,40.869192715950845],[26.206462064620666,40.86581556141107],[26.206462064620666,40.85906125233154],[26.213662136621366,40.847241211442366],[26.159661596615962,40.81178108877482],[26.14166141661417,40.79320673880612],[26.13446134461344,40.76787807975788],[26.112861128611286,40.74761515251929],[26.080460804608066,40.73579511163011],[26.044460444604454,40.739172266169874],[26.04086040860409,40.737483688899985],[26.03366033660336,40.73579511163011]]],[[[26.187451320248105,40],[26.22917821168593,40],[26.199261992619938,40.00801830831067],[26.188461884618846,40.00126399923113],[26.187451320248105,40]]],[[[26.261367802304434,40],[28,40],[28,40.37046040683053],[27.945279452794523,40.3659966895258],[27.90927909279094,40.374439575875215],[27.905679056790575,40.39976823492346],[27.930879308793095,40.41665400762227],[28,40.443671243940386],[28,40.49469442044536],[27.970479704797043,40.5027714483863],[27.804878048780495,40.52303437562489],[27.794077940779403,40.521345798355],[27.790477904779067,40.51628006654535],[27.790477904779067,40.514591489275475],[27.779677796777975,40.514591489275475],[27.779677796777975,40.51796864381524],[27.761677616776183,40.536542993783954],[27.75087750877509,40.52472295289476],[27.743677436774362,40.52641153016465],[27.7328773287733,40.529788684704414],[27.722077220772206,40.52641153016465],[27.70767707677078,40.51121433473571],[27.696876968769686,40.50614860292606],[27.68247682476826,40.5027714483863],[27.68247682476826,40.49601713930676],[27.693276932769322,40.48588567568747],[27.72567725677257,40.46055701663923],[27.7328773287733,40.45886843936934],[27.743677436774362,40.45886843936934],[27.75087750877509,40.457179862099466],[27.754477544775455,40.450425553019926],[27.754477544775455,40.43860551213075],[27.75807758077582,40.431851203051224],[27.761677616776183,40.42847404851146],[27.768877688776882,40.42003116216205],[27.772477724777247,40.41665400762227],[27.779677796777975,40.414965430352396],[27.786877868778703,40.41327685308251],[27.786877868778703,40.40314538946322],[27.790477904779067,40.39301392584392],[27.80127801278013,40.39301392584392],[27.815678156781587,40.39976823492346],[27.866078660786627,40.38625961676439],[27.88407884078842,40.38625961676439],[27.866078660786627,40.369373844065564],[27.812078120781223,40.347422339557085],[27.790477904779067,40.32040510323897],[27.761677616776183,40.31533937142932],[27.7328773287733,40.31702794869919],[27.711277112771143,40.32378225777873],[27.689676896768987,40.31365079415943],[27.664476644766467,40.31702794869919],[27.639276392763946,40.325470835048606],[27.614076140761426,40.33053656685826],[27.596075960759606,40.32884798958838],[27.563675636756386,40.310273639619666],[27.552875528755294,40.30858506234978],[27.52407524075241,40.30858506234978],[27.452074520745214,40.32209368050884],[27.394473944739445,40.34235660774743],[27.336873368733706,40.37106242133544],[27.293672936729365,40.40652254400298],[27.300873008730093,40.408211121272856],[27.304473044730457,40.41158827581263],[27.304473044730457,40.409899698542745],[27.30807308073082,40.40652254400298],[27.31527315273152,40.40652254400298],[27.329673296732977,40.41327685308251],[27.31527315273152,40.4436712439404],[27.304473044730457,40.45886843936934],[27.286472864728665,40.46899990298864],[27.27207272072721,40.467311325718754],[27.236072360723625,40.452114130289814],[27.21447214472144,40.44704839848016],[27.178471784717857,40.44873697575005],[27.142471424714245,40.4538027075597],[27.09567095670957,40.452114130289814],[27.066870668706684,40.4335397803211],[27.041670416704164,40.409899698542745],[27.01287012870128,40.39301392584392],[26.991269912699124,40.387948194034266],[26.933669336693384,40.39301392584392],[26.908469084690864,40.40314538946322],[26.897668976689772,40.40652254400298],[26.861668616686188,40.39976823492346],[26.775267752677536,40.404833966733094],[26.735667356673588,40.40314538946322],[26.714067140671403,40.39132534857404],[26.606066060660623,40.290010712381076],[26.59526595265953,40.28325640330155],[26.580865808658103,40.27650209422201],[26.573665736657375,40.274813516952136],[26.562865628656283,40.269747785142485],[26.51966519665197,40.22584477612553],[26.50166501665018,40.212336157966476],[26.46926469264693,40.205581848886936],[26.440464404644047,40.19713896253752],[26.42606426064262,40.19376180799776],[26.415264152641527,40.19545038526765],[26.408064080640827,40.19376180799776],[26.404464044640463,40.187007498918234],[26.397263972639735,40.17349888075917],[26.404464044640463,40.15830168533023],[26.404464044640463,40.13972733536151],[26.4008640086401,40.12115298539281],[26.39366393663937,40.107644367233746],[26.390063900639007,40.10595578996386],[26.382863828638307,40.10426721269398],[26.372063720637215,40.10426721269398],[26.36846368463685,40.102578635424095],[26.36846368463685,40.09920148088433],[26.372063720637215,40.09413574907468],[26.36846368463685,40.09075859453492],[26.364863648636486,40.08400428545538],[26.364863648636486,40.0721842445662],[26.361263612636122,40.06374135821679],[26.354063540635423,40.05192131732761],[26.310863108631082,40.019838349199844],[26.30006300063002,40.01477261739019],[26.26766267662677,40.002952576501016],[26.261367802304434,40]]],[[[27.527675276752774,40.639546207246795],[27.531275312753138,40.63110332089738],[27.538475384753866,40.62266043454797],[27.534875348753502,40.60239750730938],[27.552875528755294,40.5905774664202],[27.570875708757086,40.58382315734066],[27.581675816758178,40.58382315734066],[27.603276032760334,40.577068848261135],[27.62487624876249,40.58382315734066],[27.65727657276574,40.60577466184914],[27.67527675276753,40.61084039365879],[27.714877148771507,40.61421754819855],[27.7328773287733,40.624349011817856],[27.729277292772935,40.64292336178656],[27.704077040770414,40.65305482540586],[27.671676716767166,40.65643197994562],[27.65727657276574,40.65305482540586],[27.63207632076322,40.66318628902515],[27.606876068760698,40.66318628902515],[27.578075780757814,40.65643197994562],[27.552875528755294,40.64630051632632],[27.552875528755294,40.6581205572155],[27.545675456754566,40.659809134485386],[27.538475384753866,40.65643197994562],[27.531275312753138,40.64967767086608],[27.527675276752774,40.639546207246795]]],[[[27.581675816758178,40.46562274844888],[27.596075960759606,40.457179862099466],[27.614076140761426,40.457179862099466],[27.63207632076322,40.4538027075597],[27.646476464764646,40.44704839848016],[27.65727657276574,40.44873697575005],[27.65727657276574,40.457179862099466],[27.653676536765374,40.46055701663923],[27.646476464764646,40.46055701663923],[27.635676356763582,40.467311325718754],[27.635676356763582,40.47913136660793],[27.642876428764282,40.487574252957344],[27.639276392763946,40.494328562036884],[27.606876068760698,40.50614860292606],[27.59967599675997,40.49601713930676],[27.592475924759242,40.48419709841758],[27.581675816758178,40.47575421206817],[27.581675816758178,40.46562274844888]]]]}},{"type":"Feature","id":"A2","properties":{"code":"A2","band":"A","column":2,"bounds":[28,40,30,42],"labelPoint":[29.021690216902186,40.994147433922166],"squareCentroid":[29,41],"provinces":["İstanbul","Kocaeli","Bursa","Balıkesir","Bilecik"],"areaKm2":17706,"clipped":true},"geometry":{"type":"MultiPolygon","coordinates":[[[[28,40],[30,40],[30,41.147198871537704],[29.88569885698857,41.149496542751365],[29.61929619296194,41.17820235633937],[29.421294212942144,41.21366247900691],[29.230492304923047,41.24067971532503],[29.21609216092162,41.238991138055155],[29.205292052920527,41.22885967443585],[29.201692016920163,41.22885967443585],[29.169291692916943,41.233925406245504],[29.129691296912966,41.211973901737025],[29.093690936909383,41.17989093360926],[29.068490684906862,41.15287369729113],[29.09009090090902,41.14105365640195],[29.086490864908654,41.129233615512774],[29.07569075690759,41.114036420083835],[29.061290612906134,41.076887720146416],[29.046890468904706,41.05493621563794],[29.02529025290255,41.03805044293911],[29.00729007290073,41.031296133859584],[29.01449014490146,41.01778751570052],[29.018090180901822,41.004278897541454],[29.021690216902186,40.994147433922166],[29.036090360903614,40.989081702112514],[29.03249032490325,40.98570454757275],[29.03249032490325,40.98401597030286],[29.028890288902886,40.982327393032975],[29.08289082890829,40.96037588852451],[29.104491044910446,40.946867270365445],[29.122491224912267,40.926604343126854],[29.144091440914423,40.91478430223768],[29.201692016920163,40.89452137499909],[29.219692196921983,40.87932417957013],[29.24129241292414,40.882701334109896],[29.252092520925203,40.87594702503037],[29.262892628926295,40.869192715950845],[29.28449284492845,40.85230694325202],[29.295292952929543,40.83879832509295],[29.29169291692918,40.83879832509295],[29.288092880928815,40.837109747823064],[29.288092880928815,40.83204401601343],[29.28449284492845,40.8337325932833],[29.273692736927387,40.83879832509295],[29.273692736927387,40.82866686147365],[29.270092700927023,40.821912552394124],[29.262892628926295,40.81853539785436],[29.255692556925567,40.81684682058447],[29.255692556925567,40.81009251150495],[29.280892808928087,40.8151582433146],[29.29169291692918,40.81853539785436],[29.302493024930243,40.82528970693389],[29.30969309693097,40.81853539785436],[29.3168931689317,40.82528970693389],[29.324093240932427,40.820223975124236],[29.33489334893349,40.8151582433146],[29.338493384933855,40.80840393423506],[29.34209342093422,40.79827247061577],[29.338493384933855,40.79658389334588],[29.33489334893349,40.794895316075994],[29.331293312933127,40.79320673880612],[29.327693276932763,40.78982958426636],[29.338493384933855,40.78814100699647],[29.345693456934583,40.779698120647055],[29.349293492934947,40.77125523429764],[29.356493564935647,40.76281234794823],[29.378093780937803,40.7560580388687],[29.396093960939623,40.76281234794823],[29.41049410494105,40.77125523429764],[29.428494284942843,40.77632096610729],[29.666096660966616,40.78307527518682],[29.687696876968772,40.78138669791694],[29.72009720097202,40.77125523429764],[29.738097380973812,40.76956665702777],[29.74529745297454,40.76618950248799],[29.763297632976332,40.75268088432894],[29.774097740977425,40.74930372978916],[29.78489784897849,40.74930372978916],[29.79569795697958,40.75099230705905],[29.80289802898031,40.75436946159881],[29.81009810098101,40.7560580388687],[29.889298892988933,40.76281234794823],[29.92889928899291,40.757746616138576],[29.939699396993973,40.73579511163011],[29.925299252992545,40.717220761661395],[29.90369903699039,40.71553218439152],[29.867698676986777,40.72904080255057],[29.75249752497527,40.723975070740934],[29.56169561695617,40.69189210261315],[29.547295472954744,40.69020352534328],[29.54369543695438,40.71046645258187],[29.529295292952924,40.722286493471046],[29.51129511295113,40.7273522252807],[29.500495004950068,40.72904080255057],[29.489694896948976,40.7273522252807],[29.478894788947883,40.723975070740934],[29.471694716947184,40.71890933893128],[29.464494644946456,40.71215502985174],[29.46089460894609,40.70371214350233],[29.450094500945028,40.69864641169269],[29.439294392943935,40.695269257152916],[29.428494284942843,40.69020352534328],[29.41769417694178,40.6868263708035],[29.406894068940687,40.69358067988304],[29.399693996939988,40.702023566232455],[29.39249392493926,40.707089298042106],[29.38529385293853,40.707089298042106],[29.363693636936375,40.69358067988304],[29.324093240932427,40.67669490718421],[29.280892808928087,40.66656344356491],[28.985689856898574,40.644611939056446],[28.971289712897146,40.639546207246795],[28.928089280892806,40.60577466184914],[28.89928899288995,40.592266043690074],[28.827288272882726,40.57031453918161],[28.79128791287914,40.55342876648278],[28.77328773287735,40.52303437562489],[28.827288272882726,40.512902912005586],[28.917289172891742,40.47068848025852],[28.971289712897146,40.46055701663923],[28.98208982089821,40.46393417117899],[29.003690036900366,40.47913136660793],[29.010890108901094,40.48250852114771],[29.0648906489065,40.48250852114771],[29.086490864908654,40.477442789338056],[29.111691116911175,40.46562274844888],[29.13329133291333,40.450425553019926],[29.151291512915122,40.4335397803211],[29.136891368913695,40.42847404851146],[29.118891188911903,40.42340831670181],[29.104491044910446,40.42340831670181],[29.09009090090902,40.42678547124157],[29.08289082890829,40.414965430352396],[29.07569075690759,40.387948194034266],[29.0648906489065,40.37612815314509],[29.05049050490507,40.367685266795675],[29.03249032490325,40.36430811225591],[28.95688956889569,40.362619534986024],[28.938889388893898,40.3659966895258],[28.920889208892106,40.369373844065564],[28.89928899288995,40.38119388495474],[28.884888848888494,40.38625961676439],[28.85608856088561,40.39132534857404],[28.82368823688239,40.39301392584392],[28.79128791287914,40.39976823492346],[28.77328773287735,40.40314538946322],[28.758887588875893,40.39639108038368],[28.7408874088741,40.38625961676439],[28.686886868868697,40.37950530768485],[28.676086760867605,40.37612815314509],[28.66528665286654,40.367685266795675],[28.658086580865813,40.3659966895258],[28.650886508865085,40.3659966895258],[28.64728647286475,40.369373844065564],[28.643686436864385,40.37106242133544],[28.636486364863657,40.3659966895258],[28.593285932859345,40.38119388495474],[28.54648546485467,40.39132534857404],[28.499684996849965,40.39132534857404],[28.460084600846017,40.37950530768485],[28.460084600846017,40.387948194034266],[28.467284672846745,40.394702503113805],[28.474484744847445,40.39807965765357],[28.485284852848537,40.39976823492346],[28.398883988839884,40.39807965765357],[28.348483484834844,40.404833966733094],[28.1108811088111,40.39639108038368],[28.02808028080281,40.372750998605326],[28,40.37046040683053],[28,40]]],[[[28,40.443671243940386],[28.017280172801748,40.450425553019926],[28.03528035280354,40.47406563479829],[28.013680136801383,40.49095140749712],[28,40.49469442044536],[28,40.443671243940386]]],[[[28,41.03372768512821],[28.013680136801383,41.04142759747887],[28.031680316803175,41.04818190655841],[28.046080460804603,41.049870483828286],[28.100081000810007,41.068444833797],[28.1108811088111,41.068444833797],[28.118081180811828,41.071821988336765],[28.164881648816504,41.08533060649583],[28.175681756817568,41.08026487468618],[28.182881828818296,41.076887720146416],[28.200882008820088,41.07857629741629],[28.2368823688237,41.08533060649583],[28.244082440824428,41.08364202922594],[28.254882548825492,41.07351056560664],[28.265682656826584,41.07013341106688],[28.298082980829804,41.07013341106688],[28.334083340833416,41.066756256527114],[28.40248402484025,41.04649332928852],[28.434884348843497,41.04311617474876],[28.460084600846017,41.03298471112946],[28.51408514085142,40.99245885665228],[28.542885428854305,40.989081702112514],[28.55368553685537,40.99752458846193],[28.560885608856097,41.01272178389087],[28.56448564485646,41.02623040204993],[28.560885608856097,41.03636186566922],[28.55368553685537,41.05324763836805],[28.532085320853213,41.07013341106688],[28.52848528485285,41.08533060649583],[28.55368553685537,41.08026487468618],[28.57168571685719,41.066756256527114],[28.582485824858253,41.04649332928852],[28.575285752857525,41.02285324751017],[28.586085860858617,41.02285324751017],[28.593285932859345,41.01947609297039],[28.60408604086041,41.009344629351105],[28.59688596885971,40.97726166122334],[28.625686256862565,40.968818774873924],[28.744487444874466,40.9806388157631],[28.769687696876986,40.97895023849321],[28.78048780487805,40.97219592941369],[28.787687876878778,40.96544162033415],[28.79848798487987,40.962064465794384],[28.82368823688239,40.962064465794384],[28.834488344883454,40.96375304306427],[28.841688416884182,40.967130197604035],[28.845288452884546,40.97219592941369],[28.84888848888491,40.97557308395345],[28.859688596885974,40.97726166122334],[28.89928899288995,40.98401597030286],[28.917289172891742,40.994147433922166],[28.928089280892806,40.99583601119204],[28.93168931689317,40.99752458846193],[28.938889388893898,41.00765605208122],[28.946089460894626,41.009344629351105],[28.953289532895326,41.009344629351105],[28.960489604896054,41.00259032027158],[28.98208982089821,41.00090174300169],[28.985689856898574,41.00259032027158],[28.992889928899302,41.00765605208122],[28.992889928899302,41.014410361160756],[28.989289892898938,41.01778751570052],[28.989289892898938,41.031296133859584],[28.996489964899666,41.039739020209],[29.00729007290073,41.044804752018635],[29.021690216902186,41.04818190655841],[29.03249032490325,41.05324763836805],[29.043290432904342,41.066756256527114],[29.05049050490507,41.08195345195605],[29.05769057690577,41.09883922465488],[29.061290612906134,41.119102151893486],[29.0648906489065,41.119102151893486],[29.068490684906862,41.12416788370312],[29.072090720907227,41.13092219278266],[29.0648906489065,41.13261077005254],[29.0648906489065,41.134299347322425],[29.05769057690577,41.14105365640195],[29.05049050490507,41.149496542751365],[29.043290432904342,41.15793942910078],[29.03969039690398,41.16469373818032],[29.05049050490507,41.16638231545019],[29.068490684906862,41.17482520179961],[29.086490864908654,41.191710974498434],[29.10089100891011,41.21028532446715],[29.10809108091081,41.23561398351539],[29.093690936909383,41.24574544713468],[29.068490684906862,41.254188333484095],[29.046890468904706,41.25587691075398],[29.03969039690398,41.254188333484095],[29.03249032490325,41.24574544713468],[29.02529025290255,41.24236829259492],[29.018090180901822,41.24405686986479],[29.01449014490146,41.24574544713468],[29.01449014490146,41.24743402440457],[29.00729007290073,41.24912260167444],[28.910089100891014,41.26600837437327],[28.600486004860045,41.37745447418553],[28.384483844838456,41.44668614225073],[28.233282332823336,41.519294964855675],[28.17928179281793,41.55813224206298],[28.157681576815776,41.5851494783811],[28.143281432814348,41.59865809654016],[28.114481144811464,41.61216671469923],[28.096480964809643,41.62736391012817],[28.082080820808216,41.644249682826995],[28.074880748807487,41.66113545552582],[28.074880748807487,41.666201187335474],[28.082080820808216,41.66788976460536],[28.08568085680858,41.66788976460536],[28.089280892808944,41.671266919145125],[28.089280892808944,41.67633265095478],[28.08568085680858,41.67970980549454],[28.082080820808216,41.681398382764414],[28.07848078480785,41.691529846383716],[28.071280712807123,41.69997273273313],[28.05328053280533,41.71179277362231],[28.038880388803904,41.72530139178137],[28.020880208802083,41.770892978068204],[28.006480064800655,41.78777875076703],[28,41.79385762893862],[28,41.03372768512821]]],[[[28,41.89247054149976],[28.006480064800655,41.89247054149976],[28.024480244802447,41.88740480969011],[28.03528035280354,41.88571623242022],[28.046080460804603,41.89078196422987],[28.046080460804603,41.8975362733094],[28.042480424804268,41.90429058238894],[28.03528035280354,41.911044891468464],[28.031680316803175,41.91442204600823],[28.031680316803175,41.92455350962753],[28.017280172801748,41.971833673184236],[28,41.97507574154242],[28,41.89247054149976]]]]}},{"type":"Feature","id":"A3","properties":{"code":"A3","band":"A","column":3,"bounds":[30,40,32,42],"labelPoint":[31,40.77713960787358],"squareCentroid":[31,41],"provinces":["Sakarya","Düzce","Bolu","Zonguldak"],"areaKm2":22874,"clipped":true},"geometry":{"type":"Polygon","coordinates":[[[30,40],[32,40],[32,41.55427921574715],[31.99171991719919,41.54968935571357],[31.87291872918729,41.504097769426735],[31.660516605166066,41.39771740142413],[31.509315093150946,41.35381439240717],[31.498514985149853,41.352125815137285],[31.491314913149125,41.34706008332765],[31.476914769147697,41.32848573335893],[31.46971469714697,41.32510857881917],[31.426514265142657,41.32342000154928],[31.4049140491405,41.316665692469755],[31.39411394113941,41.30315707431069],[31.397713977139773,41.294714187961276],[31.415714157141565,41.28627130161186],[31.41931419314193,41.279516992532336],[31.415714157141565,41.26769695164316],[31.408514085140865,41.24912260167444],[31.4049140491405,41.238991138055155],[31.4049140491405,41.218728210816565],[31.401314013140137,41.20184243811774],[31.39411394113941,41.18833381995867],[31.37971379713798,41.17482520179961],[31.322113221132213,41.134299347322425],[31.289712897128965,41.1174135746236],[31.250112501125017,41.10559353373442],[31.24291242912429,41.10221637919466],[31.239312393123953,41.09715064738501],[31.239312393123953,41.093773492845244],[31.232112321123225,41.092084915575356],[31.224912249122497,41.093773492845244],[31.21771217712177,41.09715064738501],[31.21051210512107,41.09883922465488],[31.170911709117092,41.092084915575356],[31.16011160111603,41.093773492845244],[31.138511385113873,41.09715064738501],[31.124111241112416,41.09883922465488],[31.116911169111688,41.09546207011512],[31.091710917109168,41.08533060649583],[30.832508325083268,41.08026487468618],[30.74970749707498,41.092084915575356],[30.731707317073187,41.09883922465488],[30.69930699306994,41.12079072916336],[30.371703717037178,41.181579510879146],[30.335703357033566,41.20015386084785],[30.296102961029618,41.206908169927374],[30.28170281702819,41.21535105627679],[30.270902709027098,41.211973901737025],[30.260102601026006,41.1950881290382],[30.249302493024942,41.18833381995867],[30.242102421024214,41.191710974498434],[30.234902349023486,41.18495666541891],[30.227702277022786,41.17313662452973],[30.216902169021694,41.16638231545019],[30.202502025020266,41.16469373818032],[30.18090180901811,41.15118512002125],[30.166501665016654,41.1461193882116],[30.13770137701377,41.144430810941714],[30,41.147198871537704],[30,40]]]}},{"type":"Feature","id":"A4","properties":{"code":"A4","band":"A","column":4,"bounds":[32,40,34,42],"labelPoint":[33,41.01040120700542],"squareCentroid":[33,41],"provinces":["Karabük","Kastamonu","Çankırı","Bartın"],"areaKm2":35025,"clipped":true},"geometry":{"type":"Polygon","coordinates":[[[32,40],[34,40],[34,41.981749374152386],[33.87453874538747,41.97521082772401],[33.845738457384584,41.98196513680354],[33.82773827738279,41.97689940499389],[33.611736117361176,41.993785177692715],[33.5649356493565,42.00729379585178],[33.53973539735398,42.01067095039154],[33.435334353343535,42.01067095039154],[33.359733597335975,42.020802414010845],[33.32373323733239,42.01911383674096],[33.16533165331654,41.956636477755296],[33.006930069300694,41.91779920054799],[32.96012960129602,41.894159118769636],[32.92772927729277,41.88233907788046],[32.85572855728557,41.868830459721394],[32.84492844928451,41.87220761426116],[32.82692826928269,41.86545330518163],[32.79812798127983,41.86038757337198],[32.76932769327695,41.858698996102106],[32.75492754927549,41.858698996102106],[32.740527405274065,41.853633264292455],[32.67932679326793,41.83674749159363],[32.66132661326614,41.83505891432374],[32.639726397263985,41.84350180067315],[32.6109261092611,41.84012464613339],[32.589325893258945,41.826616027974325],[32.57852578525785,41.811418832545385],[32.564125641256425,41.81648456435504],[32.54972549725497,41.81648456435504],[32.53532535325354,41.811418832545385],[32.52452524525245,41.80466452346586],[32.45252452524525,41.77764728714773],[32.438124381243824,41.76751582352844],[32.41652416524167,41.748941473559725],[32.39852398523985,41.7421871644802],[32.39492394923951,41.743875741750074],[32.387723877238784,41.754007205369376],[32.38412384123842,41.75569578263925],[32.37692376923769,41.754007205369376],[32.37332373323733,41.748941473559725],[32.37332373323733,41.7421871644802],[32.362523625236264,41.73712143267055],[32.355323553235536,41.73543285540066],[32.35172351723517,41.728678546321134],[32.29772297722977,41.726989969051246],[32.261722617226184,41.72023565997172],[32.24732247322473,41.69828415546324],[32.24372243722439,41.69321842365359],[32.178921789217895,41.63749537374747],[32.1609216092161,41.61216671469923],[32.13572135721358,41.59865809654016],[32.03852038520387,41.57501801476181],[32.03132031320314,41.57164086022205],[32,41.55427921574715],[32,40]]]}},{"type":"Feature","id":"A5","properties":{"code":"A5","band":"A","column":5,"bounds":[34,40,36,42],"labelPoint":[35,41.04923848421272],"squareCentroid":[35,41],"provinces":["Sinop","Samsun","Çorum","Amasya"],"areaKm2":34699,"clipped":true},"geometry":{"type":"Polygon","coordinates":[[[34,40],[36,40],[36,41.714474631639185],[35.9769597695977,41.73036712359102],[35.973359733597334,41.728678546321134],[35.96255962559627,41.72192423724161],[35.948159481594814,41.71010419635242],[35.933759337593386,41.691529846383716],[35.92655926559266,41.66957834187524],[35.922959229592294,41.645938260096884],[35.915759157591594,41.645938260096884],[35.91215912159123,41.66282403279571],[35.93015930159302,41.69321842365359],[35.93015930159302,41.708415619082544],[35.93735937359375,41.71179277362231],[35.948159481594814,41.71685850543196],[35.95175951759518,41.72361281451148],[35.95535955359554,41.728678546321134],[35.95535955359554,41.73543285540066],[35.933759337593386,41.7320557008609],[35.89415894158941,41.706727041812655],[35.86895868958689,41.701661310003004],[35.847358473584734,41.69828415546324],[35.739357393573954,41.664512610065586],[35.67815678156782,41.65775830098606],[35.64215642156421,41.639183951017344],[35.62055620556205,41.63242964193782],[35.57735577355774,41.629052487398056],[35.530555305553065,41.63411821920771],[35.48735487354875,41.644249682826995],[35.44775447754478,41.66113545552582],[35.41895418954189,41.6830869600343],[35.4009540095401,41.691529846383716],[35.35775357753579,41.69659557819337],[35.296552965529656,41.71516992816207],[35.28215282152823,41.72361281451148],[35.253352533525344,41.75063005082961],[35.22455224552246,41.76245009171879],[35.21015210152103,41.775958709877855],[35.202952029520304,41.791155905306795],[35.195751957519576,41.80466452346586],[35.21015210152103,41.80466452346586],[35.21015210152103,41.811418832545385],[35.15615156151563,41.84519037794304],[35.127351273512744,41.875584768800934],[35.09855098550986,41.91273346873835],[35.09135091350913,41.92793066416729],[35.09135091350913,41.94650501413601],[35.09855098550986,41.97014509591436],[35.10575105751059,41.99209660042284],[35.11655116551165,42.00729379585178],[35.138151381513836,42.01911383674096],[35.163351633516356,42.02249099128072],[35.21735217352173,42.01742525947107],[35.21735217352173,42.02417956855061],[35.195751957519576,42.03768818670967],[35.18495184951851,42.04275391851931],[35.170551705517056,42.0444424957892],[35.15975159751599,42.041065341249436],[35.145351453514536,42.02924530036026],[35.13455134551347,42.02417956855061],[35.10575105751059,42.02249099128072],[35.08055080550807,42.02924530036026],[35.044550445504456,42.051196804868724],[35.044550445504456,42.05795111394826],[35.04815048150482,42.06470542302779],[35.04095040950409,42.071459732107314],[35.03015030150303,42.07990261845673],[35.0229502295023,42.09172265934592],[35.01575015750157,42.09172265934592],[35.00855008550087,42.09341123661579],[35.00495004950051,42.09172265934592],[35.00495004950051,42.08496835026638],[34.99054990549905,42.09172265934592],[34.961749617496196,42.09509981388568],[34.94734947349474,42.098476968425445],[34.94014940149401,42.06977115483744],[34.918549185491855,42.035999609439784],[34.88974889748897,42.00729379585178],[34.85374853748539,41.99209660042284],[34.81414814148141,41.96845651864447],[34.79974799747998,41.96170220956495],[34.74574745747458,41.94988216867577],[34.69534695346954,41.94650501413601],[34.56214562145621,41.951570745945645],[34.526145261452626,41.96001363229506],[34.49734497344974,41.971833673184236],[34.482944829448314,41.97521082772401],[34.4469444694447,41.973522250454124],[34.331743317433194,41.94819359140588],[34.00414004140043,41.98196513680354],[34,41.981749374152386],[34,40]]]}},{"type":"Feature","id":"A6","properties":{"code":"A6","band":"A","column":6,"bounds":[36,40,38,42],"labelPoint":[37,40.85723731581959],"squareCentroid":[37,41],"provinces":["Ordu","Tokat","Giresun"],"areaKm2":23184,"clipped":true},"geometry":{"type":"Polygon","coordinates":[[[36,40],[38,40],[38,40.98621112075371],[37.98217982179821,40.99077027938239],[37.935379353793536,40.99583601119204],[37.89577895778959,40.982327393032975],[37.877778777787796,41.00596747481134],[37.866978669786704,41.01609893843063],[37.852578525785276,41.02285324751017],[37.802178021780236,41.04311617474876],[37.784177841778416,41.06000194744759],[37.784177841778416,41.12247930643325],[37.758977589775895,41.119102151893486],[37.751777517775196,41.12585646097301],[37.733777337773375,41.114036420083835],[37.71577715777158,41.114036420083835],[37.69777697776979,41.12416788370312],[37.69057690576906,41.14105365640195],[37.67257672576727,41.13092219278266],[37.65457654576548,41.1174135746236],[37.64017640176402,41.10221637919466],[37.62937629376296,41.08533060649583],[37.6149761497615,41.0583133701777],[37.607776077760775,41.049870483828286],[37.600576005760075,41.04649332928852],[37.58617586175862,41.04142759747887],[37.57897578975792,41.03636186566922],[37.56457564575646,41.039739020209],[37.524975249752515,41.03636186566922],[37.50337503375036,41.04311617474876],[37.481774817748175,41.06169052471746],[37.47817478174784,41.068444833797],[37.4349743497435,41.076887720146416],[37.42057420574207,41.087019183765705],[37.39537395373955,41.108970688274184],[37.37737377373776,41.112347842813946],[37.355773557735574,41.114036420083835],[37.33417334173342,41.119102151893486],[37.323373233732354,41.12416788370312],[37.298172981729834,41.14105365640195],[37.26217262172622,41.14780796548149],[37.13617136171362,41.1461193882116],[37.114571145711466,41.15287369729113],[37.07857078570785,41.171448047259844],[37.0569705697057,41.17482520179961],[37.038970389703906,41.181579510879146],[37.03537035370354,41.19846528357796],[37.03177031770318,41.24236829259492],[37.013770137701385,41.274451260722685],[36.9849698496985,41.294714187961276],[36.837368373683745,41.35043723786741],[36.75816758167582,41.36563443329635],[36.6717667176672,41.36563443329635],[36.65016650166501,41.36901158783611],[36.63216632166322,41.374077319645764],[36.62136621366216,41.37576589691565],[36.6069660696607,41.36563443329635],[36.603366033660336,41.343682928787885],[36.59976599765997,41.341994351518],[36.596165961659636,41.33524004243847],[36.58176581765818,41.316665692469755],[36.578165781657816,41.30653422885045],[36.570965709657116,41.29809134250104],[36.51696516965171,41.26263121983351],[36.477364773647736,41.24574544713468],[36.452164521645216,41.24067971532503],[36.434164341643424,41.24574544713468],[36.42336423364233,41.252499756214206],[36.40536405364054,41.254188333484095],[36.394563945639476,41.25587691075398],[36.39096390963911,41.26094264256362],[36.38016380163802,41.27276268345281],[36.37296372963729,41.27782841526245],[36.36216362163623,41.281205569802225],[36.351363513635135,41.2828941470721],[36.344163441634436,41.28795987888175],[36.34056340563407,41.29977991977093],[36.34056340563407,41.311599960660104],[36.33696336963371,41.31835426973964],[36.33336333363334,41.32342000154928],[36.30456304563046,41.32848573335893],[36.25416254162542,41.34874866059752],[36.23616236162363,41.358880124216824],[36.20376203762038,41.40616028777353],[36.17856178561786,41.419668905932596],[36.13536135361355,41.461883337679666],[36.124561245612455,41.478769110378494],[36.12096120961209,41.49396630580743],[36.12096120961209,41.53111500574485],[36.13176131761318,41.54800077844368],[36.13536135361355,41.55813224206298],[36.13536135361355,41.59865809654016],[36.12096120961209,41.62736391012817],[36.04536045360453,41.701661310003004],[36.03816038160383,41.701661310003004],[36.03816038160383,41.68815269184395],[36,41.714474631639185],[36,40]]]}},{"type":"Feature","id":"A7","properties":{"code":"A7","band":"A","column":7,"bounds":[38,40,40,42],"labelPoint":[39,40.55617392140697],"squareCentroid":[39,41],"provinces":["Trabzon","Gümüşhane","Bayburt","Rize"],"areaKm2":18831,"clipped":true},"geometry":{"type":"Polygon","coordinates":[[[38,40],[40,40],[40,40.98106096008056],[39.99819998199982,40.982327393032975],[39.97659976599766,40.9806388157631],[39.911799117991194,40.96375304306427],[39.89739897398974,40.95531015671486],[39.87579875798758,40.95699873398475],[39.85779857798579,40.96375304306427],[39.80019800198002,41.00090174300169],[39.78939789397896,41.00259032027158],[39.7677976779768,41.00090174300169],[39.75699756997571,41.00259032027158],[39.728197281972825,41.01778751570052],[39.71019710197103,41.014410361160756],[39.68859688596888,41.00765605208122],[39.67059670596706,41.00259032027158],[39.63099630996311,41.00765605208122],[39.59139591395916,41.024541824780044],[39.53379533795339,41.06506767925724],[39.50859508595087,41.09039633830547],[39.49419494194942,41.10052780192477],[39.42939429394295,41.112347842813946],[39.418594185941856,41.11065926554407],[39.41139411394116,41.107282111004295],[39.40779407794079,41.10221637919466],[39.40419404194043,41.09883922465488],[39.350193501935024,41.07351056560664],[39.335793357933596,41.07013341106688],[39.317793177931776,41.068444833797],[39.28899288992892,41.05493621563794],[39.274592745927464,41.049870483828286],[39.249392493924944,41.05324763836805],[39.22059220592206,41.07351056560664],[39.20259202592027,41.076887720146416],[39.166591665916656,41.08026487468618],[39.15579155791559,41.076887720146416],[39.13059130591307,41.06169052471746],[39.12339123391234,41.056624792907826],[39.040590405904055,41.04311617474876],[38.92898928989291,41.04311617474876],[38.907389073890755,41.03805044293911],[38.8929889298893,41.02791897931981],[38.87498874988751,41.01947609297039],[38.806588065880675,41.00765605208122],[38.78498784987852,41.00259032027158],[38.77778777787779,40.9992131657318],[38.77418774187743,40.994147433922166],[38.756187561875635,40.97557308395345],[38.74178741787418,40.97219592941369],[38.73458734587348,40.96544162033415],[38.723787237872386,40.95868731125462],[38.71658716587166,40.95531015671486],[38.705787057870594,40.95362157944497],[38.687786877868774,40.951933002175096],[38.67698676986771,40.94855584763533],[38.66978669786698,40.95531015671486],[38.655386553865554,40.9705073521438],[38.648186481864826,40.97557308395345],[38.637386373863734,40.97557308395345],[38.604986049860514,40.968818774873924],[38.59058590585906,40.962064465794384],[38.554585545855474,40.93504722947627],[38.54018540185402,40.926604343126854],[38.46458464584646,40.92322718858709],[38.453784537845394,40.91647287950755],[38.42498424984251,40.91816145677744],[38.3889838898389,40.926604343126854],[38.35298352983531,40.91816145677744],[38.33138331383316,40.91816145677744],[38.28818288182882,40.946867270365445],[38.26658266582666,40.95024442490521],[38.22338223382235,40.941801538555794],[38.20178201782019,40.941801538555794],[38.16218162181622,40.951933002175096],[38.10098100981011,40.96037588852451],[38,40.98621112075371],[38,40]]]}},{"type":"Feature","id":"A8","properties":{"code":"A8","band":"A","column":8,"bounds":[40,40,42,42],"labelPoint":[41,40.75711461652302],"squareCentroid":[41,41],"provinces":["Artvin","Erzurum","Ardahan"],"areaKm2":23081,"clipped":true},"geometry":{"type":"Polygon","coordinates":[[[40,40],[42,40],[42,41.49080244523861],[41.949419494194956,41.505786346696624],[41.906219062190644,41.49396630580743],[41.89541895418955,41.48552341945802],[41.8630186301863,41.45175187406038],[41.823418234182355,41.426423215012136],[41.81261812618126,41.421357483202485],[41.8018180181802,41.426423215012136],[41.76221762217622,41.45344045133025],[41.747817478174795,41.456817605870015],[41.71901719017191,41.46019476040978],[41.70821708217082,41.463571914949554],[41.70101701017012,41.46863764675919],[41.70101701017012,41.477080533108605],[41.70461704617048,41.48552341945802],[41.70101701017012,41.488900573997796],[41.69381693816939,41.488900573997796],[41.66861668616687,41.48045768764838],[41.63981639816399,41.478769110378494],[41.62901629016292,41.48045768764838],[41.521015210152115,41.51422923304604],[41.50661506615066,41.49565488307732],[41.44901449014492,41.456817605870015],[41.438214382143826,41.45175187406038],[41.43461434614346,41.4298003695519],[41.4238142381424,41.40784886504342],[41.40941409414094,41.39096309234459],[41.39141391413915,41.379143051455415],[41.37701377013772,41.37576589691565],[41.34101341013411,41.37238874237589],[41.33021330213302,41.36901158783611],[41.30861308613086,41.3605687014867],[41.28341283412834,41.35381439240717],[41.18981189811899,41.296402765231164],[41.1718117181172,41.29133703342151],[41.14661146611468,41.28964845615164],[41.12141121411216,41.28627130161186],[41.09981099811,41.274451260722685],[41.060210602106025,41.24236829259492],[41.04221042210423,41.232236828975616],[41.02061020610208,41.2237939426262],[40.99540995409956,41.217039633546676],[40.97740977409774,41.21535105627679],[40.959409594095945,41.21028532446715],[40.92340923409236,41.190022397228546],[40.89820898208984,41.18833381995867],[40.8550085500855,41.19846528357796],[40.84060840608407,41.20184243811774],[40.826208262082616,41.19846528357796],[40.757807578075784,41.15793942910078],[40.69660696606968,41.09883922465488],[40.68580685806859,41.092084915575356],[40.67140671406716,41.08870776103559],[40.63900639006391,41.08533060649583],[40.624606246062456,41.08195345195605],[40.58860588605887,41.056624792907826],[40.556205562055624,41.04311617474876],[40.52740527405274,41.03636186566922],[40.498604986049855,41.03805044293911],[40.466204662046636,41.049870483828286],[40.30060300603006,40.968818774873924],[40.25380253802538,40.95868731125462],[40.23220232202323,40.946867270365445],[40.196201962019614,40.93673580674614],[40.171001710017094,40.931670074936505],[40.14220142201424,40.92322718858709],[40.12420124201242,40.919850034047315],[40.08460084600847,40.926604343126854],[40.055800558005586,40.941801538555794],[40,40.98106096008056],[40,40]]]}},{"type":"Feature","id":"A9","properties":{"code":"A9","band":"A","column":9,"bounds":[42,40,44,42],"labelPoint":[43.20101008903194,40.79426331646044],"squareCentroid":[43,41],"provinces":["Kars","Ardahan","Iğdır"],"areaKm2":21510,"clipped":true},"geometry":{"type":"Polygon","coordinates":[[[42,40],[44.40202017806388,40],[44.37944379443795,40.00970688558054],[44.32544325443254,40.035035544628784],[44.28944289442896,40.0434784309782],[44.25704257042571,40.0434784309782],[44.19584195841958,40.02996981281913],[44.16704167041672,40.02828123554926],[44.14544145441454,40.02321550373961],[44.134641346413474,40.02152692646972],[44.127441274412746,40.024904081009495],[44.11304113041132,40.03334696735891],[44.10584105841059,40.03672412189867],[44.084240842408434,40.03165839008902],[44.04824048240482,40.01308404012032],[44.033840338403394,40.00801830831067],[43.91143911439116,40.024904081009495],[43.80343803438035,40.07049566729633],[43.709837098371,40.09075859453492],[43.666636666366685,40.10933294450362],[43.65223652236523,40.13972733536151],[43.666636666366685,40.14817022171093],[43.709837098371,40.15661310806034],[43.72063720637206,40.170121726219406],[43.71343713437136,40.180253189838695],[43.68463684636848,40.21064758069659],[43.673836738367385,40.227533353395415],[43.691836918369205,40.23935339428459],[43.691836918369205,40.24104197155448],[43.67743677436775,40.26637063060272],[43.63063630636307,40.310273639619666],[43.60543605436055,40.33053656685826],[43.59463594635946,40.34573376228721],[43.60183601836019,40.362619534986024],[43.60903609036092,40.372750998605326],[43.623436234362345,40.41158827581263],[43.62703627036271,40.41327685308251],[43.62703627036271,40.42003116216205],[43.5838358383584,40.44704839848016],[43.56223562235624,40.46393417117899],[43.55863558635588,40.477442789338056],[43.59463594635946,40.50952575746582],[43.616236162361645,40.519657221085126],[43.6378363783638,40.52303437562489],[43.6378363783638,40.529788684704414],[43.63423634236344,40.53316583924418],[43.63063630636307,40.536542993783954],[43.6378363783638,40.534854416514065],[43.641436414364165,40.534854416514065],[43.6450364503645,40.53316583924418],[43.65223652236523,40.529788684704414],[43.65223652236523,40.55342876648278],[43.66303663036632,40.57369169372137],[43.70623706237063,40.612528970928665],[43.699036990369905,40.634480475437144],[43.70623706237063,40.64123478451667],[43.72783727837279,40.6682520208348],[43.72783727837279,40.67669490718421],[43.724237242372425,40.7459265752494],[43.72063720637206,40.76281234794823],[43.709837098371,40.78138669791694],[43.67023670236702,40.83204401601343],[43.65943659436596,40.85230694325202],[43.65583655836559,40.87425844776048],[43.65223652236523,40.89452137499909],[43.648636486364865,40.91309572496779],[43.6378363783638,40.93335865220638],[43.60543605436055,40.96375304306427],[43.565835658356605,40.987393124842626],[43.522635226352264,41.004278897541454],[43.47943479434795,41.009344629351105],[43.46143461434616,41.02285324751017],[43.44343443434434,41.051559061098175],[43.43623436234364,41.08364202922594],[43.439834398344004,41.107282111004295],[43.45063450634507,41.13261077005254],[43.43623436234364,41.156250851830904],[43.41103411034112,41.17482520179961],[43.382233822338236,41.18664524268878],[43.35343353433535,41.19339955176832],[43.321033210332104,41.191710974498434],[43.231032310323116,41.17313662452973],[43.21663216632166,41.17989093360926],[43.19143191431914,41.22548251989609],[43.17343173431735,41.24236829259492],[43.15183151831519,41.24405686986479],[43.130231302313035,41.24236829259492],[43.10143101431015,41.24912260167444],[43.15903159031592,41.269385528913034],[43.17343173431735,41.279516992532336],[43.18423184231844,41.2930256106914],[43.18423184231844,41.29977991977093],[43.155431554315555,41.301468497040815],[43.12303123031231,41.31328853792999],[43.07623076230763,41.34537150605776],[43.00063000630007,41.38252020599518],[42.98622986229864,41.394340246884354],[42.95742957429576,41.436554678631424],[42.95022950229503,41.443308987710964],[42.93942939429394,41.44668614225073],[42.9358293582936,41.45006329679049],[42.93222932229324,41.45512902860014],[42.92502925029251,41.4585061831399],[42.89622896228963,41.46694906948932],[42.8890288902889,41.47032622402908],[42.8818288182882,41.48045768764838],[42.87462874628747,41.49396630580743],[42.86742867428674,41.50072061488697],[42.853028530285314,41.49396630580743],[42.83142831428316,41.47201480129897],[42.809828098281,41.477080533108605],[42.79182791827918,41.49227772853756],[42.76662766627666,41.504097769426735],[42.77382773827739,41.51422923304604],[42.795427954279546,41.526049273935215],[42.802628026280274,41.53449216028463],[42.80622806228064,41.54293504663404],[42.809828098281,41.55306651025333],[42.81342813428134,41.56319797387263],[42.820628206282066,41.57164086022205],[42.802628026280274,41.57839516930157],[42.66222662226622,41.588526632920875],[42.61182611826118,41.5851494783811],[42.59022590225902,41.58008374657146],[42.58662586625866,41.57839516930157],[42.5650256502565,41.566575128412396],[42.55422554225544,41.54968935571357],[42.54702547025471,41.50916350123639],[42.53622536225362,41.49396630580743],[42.51462514625146,41.47539195583873],[42.48222482224824,41.441620410441075],[42.46422464224642,41.43148894682177],[42.4390243902439,41.43148894682177],[42.26262262622626,41.482146264918256],[42.21222212222122,41.48045768764838],[42.190621906219064,41.482146264918256],[42.17262172621727,41.49396630580743],[42.158221582215816,41.50072061488697],[42.14382143821439,41.50072061488697],[42.11142111421114,41.49396630580743],[42.09702097020971,41.499032037617084],[42.082620826208256,41.50072061488697],[42.06822068220683,41.499032037617084],[42.0538205382054,41.49396630580743],[42.01782017820179,41.48552341945802],[42,41.49080244523861],[42,40]]]}},{"type":"Feature","id":"B1","properties":{"code":"B1","band":"B","column":1,"bounds":[26,38,28,40],"labelPoint":[26.989829898298993,39],"squareCentroid":[27,39],"provinces":["İzmir","Manisa","Aydın"],"areaKm2":26783,"clipped":true},"geometry":{"type":"MultiPolygon","coordinates":[[[[25.979659796597986,39.83409484951275],[25.98325983259832,39.82227480862356],[25.997659976599778,39.81383192227415],[26.02646026460266,39.80370045865486],[26.05886058860588,39.78681468595603],[26.073260732607338,39.78512610868614],[26.080460804608066,39.800323304115096],[26.0840608406084,39.835783426782626],[26.076860768607702,39.84422631313204],[26.05886058860588,39.837472004052515],[26.055260552605546,39.842537735862166],[26.051660516605182,39.84422631313204],[26.04086040860409,39.84422631313204],[26.004860048600506,39.84591489040193],[25.986859868598685,39.842537735862166],[25.979659796597986,39.83409484951275]]],[[[26.069660696606974,39.49637939553621],[26.073260732607338,39.47442789102773],[26.112861128611286,39.45923069559879],[26.152461524615262,39.45923069559879],[26.231662316623186,39.47442789102773],[26.24246242462425,39.467673581948205],[26.24966249662498,39.465985004678316],[26.253262532625342,39.47105073648797],[26.253262532625342,39.47273931375784],[26.264062640626406,39.481182200107256],[26.2748627486275,39.482870777377144],[26.285662856628562,39.487936509186795],[26.296462964629654,39.487936509186795],[26.35046350463506,39.481182200107256],[26.361263612636122,39.481182200107256],[26.36846368463685,39.48624793191691],[26.415264152641527,39.50482228188562],[26.422464224642255,39.50482228188562],[26.433264332643347,39.51326516823504],[26.458464584645867,39.52170805458445],[26.667266672666727,39.550413868172456],[26.807668076680784,39.570676795411046],[26.832868328683304,39.55716817725198],[26.850868508685096,39.56392248633152],[26.868868688686888,39.57743110449057],[26.894068940689408,39.58418541357011],[26.922869228692292,39.58249683630022],[26.93726937269375,39.57405394995081],[26.944469444694448,39.560545331791744],[26.944469444694448,39.54028240455315],[26.93006930069302,39.50144512734586],[26.93006930069302,39.487936509186795],[26.926469264692656,39.48624793191691],[26.868868688686888,39.47105073648797],[26.850868508685096,39.46260785013855],[26.861668616686188,39.447410654709614],[26.850868508685096,39.4389677683602],[26.836468364683668,39.43559061382042],[26.800468004680056,39.43390203655055],[26.80406804068042,39.425459150201135],[26.80406804068042,39.418704841121595],[26.800468004680056,39.41195053204207],[26.800468004680056,39.40688480023242],[26.80406804068042,39.405196222962545],[26.814868148681484,39.40013049115289],[26.710467104671068,39.33765313216723],[26.692466924669247,39.315701627658754],[26.681666816668184,39.3106358958491],[26.67086670866709,39.305570164039466],[26.663666636666363,39.298815854959926],[26.67086670866709,39.2819300822611],[26.663666636666363,39.28868439134064],[26.656466564665664,39.29375012315029],[26.64566645666457,39.29712727769005],[26.634866348663508,39.29712727769005],[26.634866348663508,39.30388158676958],[26.6528665286653,39.30725874130934],[26.656466564665664,39.31401305038888],[26.64566645666457,39.31739020492864],[26.631266312663143,39.31401305038888],[26.624066240662415,39.30388158676958],[26.62046620466205,39.28361865953099],[26.609666096660987,39.27517577318157],[26.62766627666278,39.26842146410205],[26.6528665286653,39.26673288683216],[26.699666996669976,39.26842146410205],[26.717667176671767,39.263355732292396],[26.724867248672496,39.24815853686344],[26.732067320673224,39.22789560962485],[26.739267392673923,39.20763268238626],[26.739267392673923,39.19750121876697],[26.750067500675016,39.18399260060791],[26.77166771667717,39.173861136988606],[26.7788677886779,39.17048398244884],[26.811268112681148,39.15697536428978],[26.822068220682212,39.148532477940364],[26.850868508685096,39.12151524162225],[26.876068760687616,39.091120850764355],[26.883268832688344,39.070857923525764],[26.872468724687252,39.06241503717635],[26.85446854468546,39.05903788263659],[26.82926829268294,39.04721784174741],[26.807668076680784,39.033709223588346],[26.793267932679328,39.02188918269917],[26.814868148681484,39.02188918269917],[26.814868148681484,39.015134873619644],[26.800468004680056,38.998249100920816],[26.796867968679692,38.972920441872574],[26.807668076680784,38.950968937364095],[26.825668256682576,38.94083747374479],[26.840068400684004,38.935771741935156],[26.85446854468546,38.91719739196644],[26.865268652686524,38.91382023742668],[26.87966879668798,38.91550881469655],[26.91206912069123,38.93239458739538],[26.922869228692292,38.94083747374479],[26.933669336693384,38.930706010125505],[26.940869408694084,38.93239458739538],[26.951669516695176,38.93746031920503],[26.96246962469627,38.94083747374479],[26.966069660696604,38.93746031920503],[26.976869768697696,38.92226312377609],[26.984069840698425,38.91888596923633],[27.002070020700216,38.9205745465062],[27.01287012870128,38.92226312377609],[27.023670236702372,38.92732885558574],[27.041670416704164,38.94083747374479],[27.05607056070562,38.929017432855616],[27.059670596705985,38.91888596923633],[27.041670416704164,38.8918687329182],[27.06327063270632,38.88680300110855],[27.05607056070562,38.87160580567961],[27.034470344703465,38.85978576479043],[27.01287012870128,38.87160580567961],[27.00567005670058,38.86316291933019],[26.991269912699124,38.85472003298078],[26.976869768697696,38.847965723901254],[26.958869588695904,38.84458856936149],[26.96966969669697,38.81925991031325],[26.96246962469627,38.805751292154184],[26.944469444694448,38.80912844669395],[26.93726937269375,38.82939137393254],[26.897668976689772,38.81588275577347],[26.9048690486905,38.80912844669395],[26.922869228692292,38.78211121037583],[26.93006930069302,38.788865519455356],[26.933669336693384,38.778734055836054],[26.933669336693384,38.763536860407115],[26.93006930069302,38.7550939740577],[26.922869228692292,38.761848283137226],[26.915669156691564,38.76015970586735],[26.908469084690864,38.75340539678781],[26.897668976689772,38.748339664978175],[26.9048690486905,38.73483104681911],[26.88686886868871,38.73483104681911],[26.876068760687616,38.73820820135887],[26.850868508685096,38.7449625104384],[26.840068400684004,38.74665108770829],[26.82926829268294,38.74665108770829],[26.82926829268294,38.75002824224805],[26.822068220682212,38.75340539678781],[26.818468184681848,38.7550939740577],[26.789667896678964,38.73989677862876],[26.739267392673923,38.73145389227935],[26.717667176671767,38.721322428660045],[26.724867248672496,38.70274807869134],[26.732067320673224,38.68923946053228],[26.75366753667538,38.665599378753924],[26.742867428674288,38.665599378753924],[26.732067320673224,38.663910801484036],[26.724867248672496,38.658845069674385],[26.717667176671767,38.65209076059486],[26.735667356673588,38.64195929697556],[26.74646746467465,38.638582142435794],[26.760867608676108,38.638582142435794],[26.757267572675744,38.63351641062614],[26.75366753667538,38.623384947006855],[26.75366753667538,38.618319215197204],[26.7788677886779,38.618319215197204],[26.800468004680056,38.61156490611768],[26.796867968679692,38.6081877515779],[26.793267932679328,38.59805628795861],[26.814868148681484,38.59805628795861],[26.825668256682576,38.60481059703814],[26.832868328683304,38.6081877515779],[26.847268472684732,38.59805628795861],[26.843668436684368,38.586236247069436],[26.840068400684004,38.560907588021195],[26.836468364683668,38.54908754713202],[26.850868508685096,38.54233323805248],[26.865268652686524,38.53557892897295],[26.876068760687616,38.52713604262354],[26.890468904689044,38.51531600173436],[26.890468904689044,38.50856169265482],[26.872468724687252,38.50687311538495],[26.847268472684732,38.520381733544],[26.82926829268294,38.5305131971633],[26.814868148681484,38.54233323805248],[26.825668256682576,38.52544746535365],[26.850868508685096,38.5119388471946],[26.858068580685824,38.50687311538495],[26.883268832688344,38.5018073835753],[26.897668976689772,38.49505307449577],[26.926469264692656,38.456215797288465],[26.944469444694448,38.44608433366916],[26.933669336693384,38.434264292779986],[26.93726937269375,38.434264292779986],[26.958869588695904,38.4427071791294],[27.023670236702372,38.46297010636799],[27.048870488704893,38.46297010636799],[27.074070740707413,38.4528386427487],[27.084870848708505,38.456215797288465],[27.117271172711725,38.454527220018576],[27.135271352713545,38.461281529098116],[27.142471424714245,38.4528386427487],[27.149671496714973,38.45790437455835],[27.153271532715337,38.45959295182823],[27.1640716407164,38.4528386427487],[27.1640716407164,38.44608433366916],[27.135271352713545,38.434264292779986],[27.110071100711025,38.414001365541395],[27.08847088470884,38.40218132465222],[27.059670596705985,38.41231278827151],[27.05607056070562,38.408935633731744],[27.05607056070562,38.41231278827151],[27.041670416704164,38.40724705646187],[27.034470344703465,38.408935633731744],[27.023670236702372,38.41231278827151],[27.01287012870128,38.41231278827151],[27.009270092700945,38.408935633731744],[26.99486994869949,38.40049274738233],[26.991269912699124,38.398804170112456],[26.973269732697332,38.39542701557269],[26.922869228692292,38.37685266560398],[26.847268472684732,38.371786933794326],[26.82926829268294,38.366721201984674],[26.811268112681148,38.35996689290515],[26.796867968679692,38.35827831563526],[26.786067860678628,38.371786933794326],[26.782467824678264,38.37009835652445],[26.77166771667717,38.366721201984674],[26.768067680676808,38.36334404744491],[26.74646746467465,38.40386990192211],[26.735667356673588,38.42244425189081],[26.724867248672496,38.43257571551011],[26.717667176671767,38.43257571551011],[26.717667176671767,38.42582140643057],[26.70326703267034,38.43088713824022],[26.688866888668883,38.419067097351046],[26.674466744667455,38.40218132465222],[26.67086670866709,38.38529555195339],[26.67806678066782,38.34308112020632],[26.692466924669247,38.33463823385691],[26.699666996669976,38.32619534750749],[26.69606696066961,38.31268672934843],[26.674466744667455,38.30762099753879],[26.656466564665664,38.329572502047256],[26.638466384663843,38.37516408833409],[26.62766627666278,38.39036128376304],[26.62046620466205,38.40555847919198],[26.613266132661323,38.415689942811284],[26.588065880658803,38.419067097351046],[26.59526595265953,38.43257571551011],[26.606066060660623,38.44439575639929],[26.606066060660623,38.454527220018576],[26.588065880658803,38.461281529098116],[26.598865988659895,38.46634726090775],[26.609666096660987,38.46803583817764],[26.62046620466205,38.46634726090775],[26.62766627666278,38.461281529098116],[26.634866348663508,38.461281529098116],[26.638466384663843,38.46297010636799],[26.642066420664207,38.46803583817764],[26.638466384663843,38.478167301796944],[26.638466384663843,38.496741651765646],[26.634866348663508,38.50856169265482],[26.631266312663143,38.518693156274125],[26.624066240662415,38.52544746535365],[26.616866168661687,38.52882461989341],[26.609666096660987,38.53557892897295],[26.584465844658467,38.560907588021195],[26.559265592655947,38.5896134016092],[26.555665556655583,38.60481059703814],[26.541265412654127,38.623384947006855],[26.505265052650543,38.65209076059486],[26.487264872648723,38.663910801484036],[26.465664656646567,38.67235368783345],[26.440464404644047,38.6774194196431],[26.415264152641527,38.679107996912975],[26.404464044640463,38.6774194196431],[26.379263792637943,38.66897653329369],[26.364863648636486,38.665599378753924],[26.357663576635787,38.66222222421415],[26.35046350463506,38.65040218332497],[26.35046350463506,38.63520498789603],[26.346863468634695,38.621696369736966],[26.361263612636122,38.58285909252966],[26.357663576635787,38.57779336072002],[26.361263612636122,38.57103905164048],[26.372063720637215,38.540644660782604],[26.37566375663758,38.52882461989341],[26.36846368463685,38.53557892897295],[26.4008640086401,38.50011880630541],[26.404464044640463,38.48829876541623],[26.397263972639735,38.46803583817764],[26.386463864638642,38.45790437455835],[26.386463864638642,38.454527220018576],[26.408064080640827,38.4528386427487],[26.415264152641527,38.456215797288465],[26.422464224642255,38.46972441544753],[26.429664296642983,38.47310156998729],[26.440464404644047,38.47310156998729],[26.454864548645503,38.46297010636799],[26.472864728647295,38.45790437455835],[26.498064980649815,38.43933002458964],[26.512465124651243,38.43257571551011],[26.498064980649815,38.40724705646187],[26.490864908649087,38.40555847919198],[26.47646476464766,38.41737852008116],[26.45126451264514,38.42582140643057],[26.45126451264514,38.419067097351046],[26.46926469264693,38.40724705646187],[26.47646476464766,38.38698412922328],[26.47646476464766,38.366721201984674],[26.462064620646203,38.35827831563526],[26.454864548645503,38.3549011610955],[26.429664296642983,38.34139254293645],[26.41886418864189,38.336326811126796],[26.404464044640463,38.33463823385691],[26.397263972639735,38.336326811126796],[26.382863828638307,38.34308112020632],[26.382863828638307,38.336326811126796],[26.390063900639007,38.32450677023762],[26.386463864638642,38.31775246115808],[26.372063720637215,38.316063883888205],[26.357663576635787,38.316063883888205],[26.35046350463506,38.31944103842797],[26.346863468634695,38.32450677023762],[26.346863468634695,38.329572502047256],[26.339663396633966,38.331261079317144],[26.32526325263254,38.331261079317144],[26.31806318063181,38.33294965658703],[26.314463144631446,38.336326811126796],[26.321663216632174,38.34476969747621],[26.32526325263254,38.3549011610955],[26.32526325263254,38.3650326247148],[26.321663216632174,38.37685266560398],[26.314463144631446,38.373475511064214],[26.310863108631082,38.371786933794326],[26.310863108631082,38.366721201984674],[26.307263072630747,38.35827831563526],[26.29286292862929,38.37009835652445],[26.285662856628562,38.35827831563526],[26.289262892628926,38.34139254293645],[26.307263072630747,38.331261079317144],[26.307263072630747,38.32281819296773],[26.285662856628562,38.31944103842797],[26.2748627486275,38.30086668845925],[26.264062640626406,38.2873580703002],[26.238862388623886,38.2958009566496],[26.231662316623186,38.28060376122066],[26.235262352623522,38.273849452141135],[26.285662856628562,38.26034083398207],[26.296462964629654,38.25696367944231],[26.328863288632903,38.23501217493383],[26.354063540635423,38.2282578658543],[26.37566375663758,38.23501217493383],[26.382863828638307,38.26202941125196],[26.390063900639007,38.26202941125196],[26.39366393663937,38.251897947632656],[26.39366393663937,38.24345506128324],[26.390063900639007,38.233323597663954],[26.390063900639007,38.22319213404465],[26.411664116641163,38.206306361345824],[26.41886418864189,38.1995520522663],[26.422464224642255,38.1995520522663],[26.422464224642255,38.204617784075936],[26.41886418864189,38.21981497950489],[26.440464404644047,38.211372093155475],[26.465664656646567,38.191109165916885],[26.490864908649087,38.17422339321806],[26.51966519665197,38.17928912502771],[26.516065160651607,38.16578050686864],[26.516065160651607,38.15564904324934],[26.523265232652335,38.14720615689993],[26.54486544865449,38.1303203842011],[26.555665556655583,38.121877497851685],[26.566465664656647,38.12356607512157],[26.566465664656647,38.14551757963005],[26.57726577265774,38.13200896147099],[26.588065880658803,38.108368879692634],[26.59526595265953,38.10330314788298],[26.606066060660623,38.108368879692634],[26.613266132661323,38.11850034331192],[26.613266132661323,38.1303203842011],[26.609666096660987,38.14551757963005],[26.616866168661687,38.14551757963005],[26.616866168661687,38.142140425090275],[26.624066240662415,38.13876327055051],[26.634866348663508,38.20292920680606],[26.64566645666457,38.206306361345824],[26.706867068670704,38.206306361345824],[26.72846728467286,38.20968351588559],[26.742867428674288,38.216437824965126],[26.760867608676108,38.216437824965126],[26.775267752677536,38.206306361345824],[26.77166771667717,38.17760054775782],[26.775267752677536,38.16578050686864],[26.793267932679328,38.17253481594817],[26.80406804068042,38.16240335232888],[26.825668256682576,38.14551757963005],[26.836468364683668,38.13200896147099],[26.840068400684004,38.11850034331192],[26.847268472684732,38.10330314788298],[26.847268472684732,38.08810595245403],[26.843668436684368,38.07628591156485],[26.865268652686524,38.04082578889732],[26.872468724687252,38.03576005708767],[26.883268832688344,38.039137211627434],[26.88686886868871,38.045891520706974],[26.88686886868871,38.0526458297865],[26.894068940689408,38.05602298432626],[26.901269012690136,38.05602298432626],[26.919269192691928,38.0627772934058],[26.948069480694812,38.06784302521544],[26.976869768697696,38.064465870675676],[27.027270272702737,38.049268675246736],[27.05607056070562,38.045891520706974],[27.06327063270632,38.04082578889732],[27.066870668706684,38.02562859346837],[27.07047070470705,38.02056286165873],[27.077670776707777,38.01718570711897],[27.084870848708505,38.01549712984908],[27.092070920709205,38.01549712984908],[27.102871028710297,38.01211997530932],[27.10647106471066,38.00705424349967],[27.110071100711025,38.00029993442014],[27.11039082984913,38],[28,38],[28,40],[26.261367802304434,40],[26.24966249662498,39.9945096901516],[26.22917821168593,40],[26.187451320248105,40],[26.16686166861669,39.97424676291301],[26.163261632616326,39.96411529929371],[26.163261632616326,39.955672412944296],[26.152461524615262,39.942163794785245],[26.148861488614898,39.93372090843583],[26.148861488614898,39.92527802208642],[26.156061560615626,39.905015094847826],[26.156061560615626,39.89826078576829],[26.14166141661417,39.84929204494169],[26.138061380613806,39.837472004052515],[26.152461524615262,39.835783426782626],[26.156061560615626,39.82565196316334],[26.148861488614898,39.800323304115096],[26.148861488614898,39.77668322233673],[26.145261452614534,39.7699289132572],[26.14166141661417,39.768240335987315],[26.138061380613806,39.76486318144755],[26.138061380613806,39.75642029509814],[26.14166141661417,39.74291167693907],[26.159661596615962,39.71420586335107],[26.163261632616326,39.70407439973178],[26.156061560615626,39.650039927095534],[26.148861488614898,39.62639984531718],[26.10926109261092,39.59769403172916],[26.094860948609494,39.54872529090257],[26.069660696606974,39.49637939553621]]]]}},{"type":"Feature","id":"B2","properties":{"code":"B2","band":"B","column":2,"bounds":[28,38,30,40],"labelPoint":[29,39],"squareCentroid":[29,39],"provinces":["Kütahya","Uşak","Denizli","Afyonkarahisar"],"areaKm2":38434,"clipped":true},"geometry":{"type":"Polygon","coordinates":[[[28,38],[30,38],[30,40],[28,40],[28,38]]]}},{"type":"Feature","id":"B3","properties":{"code":"B3","band":"B","column":3,"bounds":[30,38,32,40],"labelPoint":[31,39],"squareCentroid":[31,39],"provinces":["Eskişehir","Afyonkarahisar","Konya (kuzey)"],"areaKm2":38434,"clipped":true},"geometry":{"type":"Polygon","coordinates":[[[30,38],[32,38],[32,40],[30,40],[30,38]]]}},{"type":"Feature","id":"B4","properties":{"code":"B4","band":"B","column":4,"bounds":[32,38,34,40],"labelPoint":[33,39],"squareCentroid":[33,39],"provinces":["Ankara","Kırıkkale","Kırşehir","Aksaray"],"areaKm2":38434,"clipped":true},"geometry":{"type":"Polygon","coordinates":[[[32,38],[34,38],[34,40],[32,40],[32,38]]]}},{"type":"Feature","id":"B5","properties":{"code":"B5","band":"B","column":5,"bounds":[34,38,36,40],"labelPoint":[35,39],"squareCentroid":[35,39],"provinces":["Yozgat","Nevşehir","Kayseri","Sivas (batı)"],"areaKm2":38434,"clipped":true},"geometry":{"type":"Polygon","coordinates":[[[34,38],[36,38],[36,40],[34,40],[34,38]]]}},{"type":"Feature","id":"B6","properties":{"code":"B6","band":"B","column":6,"bounds":[36,38,38,40],"labelPoint":[37,39],"squareCentroid":[37,39],"provinces":["Sivas","Kayseri (doğu)","Malatya (kuzey)"],"areaKm2":38434,"clipped":true},"geometry":{"type":"Polygon","coordinates":[[[36,38],[38,38],[38,40],[36,40],[36,38]]]}},{"type":"Feature","id":"B7","properties":{"code":"B7","band":"B","column":7,"bounds":[38,38,40,40],"labelPoint":[39,39],"squareCentroid":[39,39],"provinces":["Erzincan","Tunceli","Elazığ","Malatya"],"areaKm2":38434,"clipped":true},"geometry":{"type":"Polygon","coordinates":[[[38,38],[40,38],[40,40],[38,40],[38,38]]]}},{"type":"Feature","id":"B8","properties":{"code":"B8","band":"B","column":8,"bounds":[40,38,42,40],"labelPoint":[41,39],"squareCentroid":[41,39],"provinces":["Bingöl","Muş","Erzurum (güney)","Bitlis"],"areaKm2":38434,"clipped":true},"geometry":{"type":"Polygon","coordinates":[[[40,38],[42,38],[42,40],[40,40],[40,38]]]}},{"type":"Feature","id":"B9","properties":{"code":"B9","band":"B","column":9,"bounds":[42,38,44,40],"labelPoint":[43,39],"squareCentroid":[43,39],"provinces":["Van","Ağrı","Bitlis (doğu)"],"areaKm2":38434,"clipped":true},"geometry":{"type":"Polygon","coordinates":[[[42,38],[44,38],[44,40],[42,40],[42,38]]]}},{"type":"Feature","id":"B10","properties":{"code":"B10","band":"B","column":10,"bounds":[44,38,46,40],"labelPoint":[44.177841778417786,39.035397800858235],"squareCentroid":[45,39],"provinces":["Hakkâri (kuzey)","Van (doğu)"],"areaKm2":6176,"clipped":true},"geometry":{"type":"Polygon","coordinates":[[[44,38],[44.24002924966529,38],[44.24624246242462,38.008742820769555],[44.2678426784268,38.03069432527802],[44.278642786427866,38.045891520706974],[44.285842858428595,38.066154447945564],[44.29664296642966,38.079663066104615],[44.30744307443075,38.086417375184155],[44.32904329043291,38.09486026153357],[44.33264332643327,38.101614570613094],[44.32544325443254,38.12018892058181],[44.32544325443254,38.128631806931224],[44.336243362433635,38.13369753874086],[44.35424354243543,38.1404518478204],[44.361443614436155,38.14720615689993],[44.36864368643688,38.16240335232888],[44.37224372243722,38.18266627956747],[44.37584375843758,38.20124062953617],[44.37224372243722,38.25020937036277],[44.4010440104401,38.273849452141135],[44.437044370443715,38.29748953391949],[44.45864458644587,38.32281819296773],[44.45864458644587,38.33801538839667],[44.45144451444514,38.35321258382562],[44.437044370443715,38.366721201984674],[44.42624426244262,38.37685266560398],[44.40824408244083,38.38191839741363],[44.39744397443974,38.38022982014374],[44.36504365043652,38.3650326247148],[44.31464314643148,38.371786933794326],[44.30024300243002,38.37685266560398],[44.28944289442896,38.38191839741363],[44.285842858428595,38.39036128376304],[44.28944289442896,38.40724705646187],[44.28944289442896,38.41737852008116],[44.285842858428595,38.4427071791294],[44.285842858428595,38.454527220018576],[44.30024300243002,38.49336449722588],[44.30024300243002,38.5119388471946],[44.29304293042932,38.56259616529107],[44.29664296642966,38.601433442498376],[44.29664296642966,38.621696369736966],[44.28944289442896,38.638582142435794],[44.28224282242823,38.64533645151532],[44.2750427504275,38.6487136060551],[44.25704257042571,38.653779337864734],[44.24264242642428,38.658845069674385],[44.24624246242462,38.665599378753924],[44.25704257042571,38.67235368783345],[44.260642606426075,38.679107996912975],[44.25704257042571,38.69768234688169],[44.24984249842498,38.70950238777087],[44.24984249842498,38.721322428660045],[44.253442534425346,38.741585355898636],[44.278642786427866,38.8141941785036],[44.2750427504275,38.8428999920916],[44.2210422104221,38.86316291933019],[44.20664206642067,38.87498296021937],[44.19224192241924,38.89018015564832],[44.18144181441815,38.91382023742668],[44.177841778417786,38.9205745465062],[44.17424174241742,38.929017432855616],[44.17424174241742,38.945903205554444],[44.16704167041672,38.952657514633984],[44.15624156241563,38.95772324644362],[44.152641526415266,38.96447755552316],[44.1490414904149,38.9796747509521],[44.14544145441454,38.986429060031625],[44.13824138241384,38.993183369111165],[44.152641526415266,39.01175771907987],[44.17064170641706,39.023577759969044],[44.177841778417786,39.035397800858235],[44.17064170641706,39.07423507806553],[44.17424174241742,39.08943227349448],[44.19584195841958,39.11982666435236],[44.185041850418514,39.1451553234006],[44.1490414904149,39.16710682790908],[44.102241022410226,39.18399260060791],[44.077040770407706,39.200878373306736],[44.077040770407706,39.20932125965615],[44.084240842408434,39.22620703235498],[44.084240842408434,39.236338495974266],[44.069840698407006,39.25491284594298],[44.06624066240664,39.263355732292396],[44.06624066240664,39.273487195911684],[44.069840698407006,39.280241504991224],[44.069840698407006,39.28699581407075],[44.059040590405914,39.30725874130934],[44.051840518405186,39.32752166854793],[44.04824048240482,39.33765313216723],[44.019440194401966,39.361293213945586],[44.0158401584016,39.37480183210465],[44.026640266402666,39.38662187299383],[44.044640446404486,39.39675333661313],[44.06264062640628,39.40013049115289],[44.077040770407706,39.40013049115289],[44.09864098640986,39.398441913883005],[44.12384123841238,39.40013049115289],[44.177841778417786,39.41195053204207],[44.19944199441994,39.41026195477218],[44.2678426784268,39.383244718454065],[44.29664296642966,39.38155614118418],[44.31824318243184,39.384933295723954],[44.36864368643688,39.403507645692656],[44.386643866438675,39.41532768658183],[44.40464404644047,39.43390203655055],[44.40464404644047,39.45247638651925],[44.4010440104401,39.47105073648797],[44.40824408244083,39.49300224099645],[44.41544415444156,39.50482228188562],[44.41904419044192,39.5166423227748],[44.41544415444156,39.530150940933865],[44.411844118441195,39.543659559092916],[44.41544415444156,39.560545331791744],[44.41904419044192,39.57405394995081],[44.45144451444514,39.62639984531718],[44.45864458644587,39.63821988620636],[44.45864458644587,39.655105658905185],[44.45504455044551,39.68718862703295],[44.45864458644587,39.69900866792213],[44.56664566645668,39.76655175871744],[44.5918459184592,39.77161749052709],[44.60624606246063,39.76317460417768],[44.63144631446315,39.7310916360499],[44.645846458464604,39.71927159516072],[44.70704707047071,39.69732009065224],[44.7250472504725,39.685500049763064],[44.80784807848079,39.63990846347623],[44.797047970479724,39.65172850436541],[44.78264782647827,39.690565781572715],[44.77544775447754,39.70238582246189],[44.75744757447575,39.72264874970048],[44.696246962469644,39.78512610868614],[44.69264692646928,39.79356899503556],[44.68544685446855,39.79694614957532],[44.68184681846819,39.79694614957532],[44.671046710467124,39.795257572305445],[44.66744667446676,39.79694614957532],[44.64944649446494,39.80538903592473],[44.60984609846099,39.837472004052515],[44.5990459904599,39.830717694972975],[44.595445954459564,39.837472004052515],[44.595445954459564,39.8476034676718],[44.5918459184592,39.857734931291105],[44.57744577445774,39.86617781764052],[44.56664566645668,39.872932126720045],[44.563045630456315,39.88137501306946],[44.55944559445595,39.89657220849841],[44.54864548645486,39.91176940392735],[44.52344523445234,39.93372090843583],[44.4658446584466,39.97255818564312],[44.40202017806388,40],[44,40],[44,38]]]}},{"type":"Feature","id":"C1","properties":{"code":"C1","band":"C","column":1,"bounds":[26,36,28,38],"labelPoint":[27.50643506435064,37.2799717616051],"squareCentroid":[27,37],"provinces":["Muğla","Aydın (güney)"],"areaKm2":7385,"clipped":true},"geometry":{"type":"MultiPolygon","coordinates":[[[[27.01287012870128,37.66596163498336],[27.048870488704893,37.65076443955442],[27.135271352713545,37.63050151231582],[27.192871928719285,37.60179569872781],[27.20727207272074,37.596729966918176],[27.210872108721105,37.584909926028985],[27.210872108721105,37.56295842152052],[27.200072000720013,37.547761226091566],[27.185671856718585,37.55620411244098],[27.18207182071822,37.544384071551804],[27.185671856718585,37.53931833974215],[27.18927189271892,37.534252607932515],[27.185671856718585,37.527498298852976],[27.18927189271892,37.512301103424036],[27.18927189271892,37.49879248526497],[27.18207182071822,37.48359528983603],[27.178471784717857,37.466709517137204],[27.185671856718585,37.47346382621673],[27.192871928719285,37.47852955802638],[27.200072000720013,37.47852955802638],[27.203672036720377,37.47346382621673],[27.22167221672217,37.47684098075649],[27.218072180721805,37.43124939446966],[27.225272252722533,37.41267504450096],[27.225272252722533,37.40592073542143],[27.22167221672217,37.404232158151544],[27.203672036720377,37.39747784907202],[27.210872108721105,37.387346385452716],[27.20727207272074,37.37721492183341],[27.200072000720013,37.367083458214125],[27.18927189271892,37.35695199459482],[27.200072000720013,37.35357484005506],[27.200072000720013,37.35188626278517],[27.203672036720377,37.35357484005506],[27.210872108721105,37.35695199459482],[27.21447214472144,37.35357484005506],[27.218072180721805,37.3501976855153],[27.218072180721805,37.34344337643577],[27.225272252722533,37.34850910824541],[27.23247232472326,37.34850910824541],[27.23967239672396,37.34344337643577],[27.24687246872469,37.33668906735623],[27.25767257672578,37.345131953705646],[27.27207272072721,37.34850910824541],[27.329673296732977,37.35188626278517],[27.336873368733706,37.35526341732495],[27.32247322473225,37.36370630367436],[27.32247322473225,37.37046061275389],[27.34767347673477,37.37046061275389],[27.354873548735497,37.3789034991033],[27.362073620736226,37.39241211726237],[27.369273692736925,37.40592073542143],[27.387273872738746,37.41267504450096],[27.4088740887409,37.41267504450096],[27.426874268742694,37.40592073542143],[27.437674376743786,37.39072353999248],[27.4160741607416,37.382280653643065],[27.39807398073981,37.36539488094424],[27.387273872738746,37.345131953705646],[27.39807398073981,37.32318044919717],[27.419674196741965,37.309671831038116],[27.444874448744486,37.30629467649834],[27.470074700747006,37.31642614011764],[27.47367473674737,37.34344337643577],[27.480874808748098,37.34344337643577],[27.49167491674916,37.326557603736944],[27.49167491674916,37.31304898557788],[27.484474844748462,37.30291752195858],[27.488074880748826,37.29447463560916],[27.46647466474664,37.277588862910335],[27.462874628746306,37.26745739929105],[27.459274592745942,37.257325935671744],[27.462874628746306,37.25226020386209],[27.47367473674737,37.25563735840187],[27.484474844748462,37.264080244751284],[27.488074880748826,37.26745739929105],[27.509675096750982,37.26745739929105],[27.520475204752046,37.25901451294163],[27.51687516875168,37.24550589478257],[27.49887498874989,37.23368585389339],[27.513275132751346,37.22862012208374],[27.531275312753138,37.237063008433154],[27.542075420754202,37.25057162659222],[27.54927549275493,37.264080244751284],[27.552875528755294,37.2725231311007],[27.563675636756386,37.27590028564046],[27.588875888758906,37.27421170837057],[27.592475924759242,37.277588862910335],[27.592475924759242,37.28096601745011],[27.596075960759606,37.284343171989875],[27.603276032760334,37.282654594719986],[27.603276032760334,37.28096601745011],[27.617676176761762,37.27421170837057],[27.614076140761426,37.26745739929105],[27.614076140761426,37.25394878113198],[27.610476104761062,37.247194472052456],[27.603276032760334,37.242128740242805],[27.592475924759242,37.23537443116328],[27.588875888758906,37.23030869935363],[27.588875888758906,37.21173434938491],[27.592475924759242,37.20498004030539],[27.610476104761062,37.199914308495735],[27.596075960759606,37.18640569033667],[27.585275852758542,37.18133995852703],[27.57447574475745,37.177962803987256],[27.588875888758906,37.19822573122585],[27.57447574475745,37.201602885765624],[27.527675276752774,37.19315999941621],[27.527675276752774,37.184717113066796],[27.538475384753866,37.177962803987256],[27.545675456754566,37.16107703128843],[27.552875528755294,37.13068264043055],[27.563675636756386,37.13574837224019],[27.57447574475745,37.137436949510075],[27.57447574475745,37.13068264043055],[27.563675636756386,37.1256169086209],[27.542075420754202,37.1256169086209],[27.531275312753138,37.12055117681125],[27.520475204752046,37.115485445001596],[27.502475024750254,37.10704255865218],[27.47367473674737,37.09184536322324],[27.459274592745942,37.090156785953354],[27.444874448744486,37.096911095032894],[27.430474304743058,37.117174022271485],[27.43407434074342,37.11886259954137],[27.43407434074342,37.12055117681125],[27.437674376743786,37.12055117681125],[27.437674376743786,37.12392833135101],[27.426874268742694,37.11886259954137],[27.419674196741965,37.12055117681125],[27.412474124741266,37.1256169086209],[27.405274052740538,37.13068264043055],[27.387273872738746,37.13068264043055],[27.38367383673838,37.13405979497031],[27.38367383673838,37.152634144939015],[27.380073800738018,37.14925699039925],[27.380073800738018,37.14587983585949],[27.376473764737653,37.1441912585896],[27.369273692736925,37.15094556766914],[27.362073620736226,37.14925699039925],[27.354873548735497,37.14081410404984],[27.34767347673477,37.13068264043055],[27.344073440734405,37.13068264043055],[27.344073440734405,37.142502681319726],[27.34047340473404,37.15094556766914],[27.33327333273334,37.15601129947879],[27.32247322473225,37.159388454018554],[27.326073260732613,37.14756841312938],[27.32247322473225,37.139125526779964],[27.32247322473225,37.12392833135101],[27.304473044730457,37.11886259954137],[27.27207272072721,37.12899406316066],[27.261272612726145,37.117174022271485],[27.254072540725417,37.12392833135101],[27.254072540725417,37.117174022271485],[27.25767257672578,37.11379686773172],[27.261272612726145,37.11041971319196],[27.268472684726845,37.115485445001596],[27.279272792727937,37.117174022271485],[27.286472864728665,37.115485445001596],[27.293672936729365,37.11041971319196],[27.2828728287283,37.09859967230277],[27.26487264872648,37.08846820868348],[27.24687246872469,37.08340247687383],[27.23967239672396,37.08340247687383],[27.228872288722897,37.06145097236535],[27.23247232472326,37.0479423542063],[27.23967239672396,37.034433736047234],[27.24687246872469,37.017547963348406],[27.24687246872469,37.00066219064958],[27.254072540725417,36.9787106861411],[27.26487264872648,36.96351349071216],[27.279272792727937,36.96689064525192],[27.286472864728665,36.9601363361724],[27.293672936729365,36.96182491344227],[27.29727297272973,36.96182491344227],[27.30807308073082,36.9601363361724],[27.304473044730457,36.96351349071216],[27.300873008730093,36.97364495433145],[27.31527315273152,36.977022108871225],[27.326073260732613,36.98546499522064],[27.33327333273334,36.997285036109815],[27.329673296732977,37.0074164997291],[27.329673296732977,37.01417080880864],[27.34047340473404,37.01923654061828],[27.36567365673656,37.02261369515806],[27.376473764737653,37.027679426967694],[27.380073800738018,37.02092511788817],[27.380073800738018,37.017547963348406],[27.376473764737653,37.01417080880864],[27.376473764737653,37.01079365426888],[27.380073800738018,37.00910507699899],[27.38367383673838,37.0074164997291],[27.380073800738018,37.00235076791947],[27.380073800738018,36.99897361337969],[27.38367383673838,36.99390788157005],[27.394473944739445,37.017547963348406],[27.39807398073981,37.027679426967694],[27.405274052740538,37.027679426967694],[27.401674016740174,37.02430227242793],[27.4088740887409,37.017547963348406],[27.42327423274233,37.027679426967694],[27.437674376743786,37.027679426967694],[27.444874448744486,37.02261369515806],[27.462874628746306,37.00066219064958],[27.47367473674737,36.99390788157005],[27.484474844748462,36.990530727030276],[27.513275132751346,36.99390788157005],[27.527675276752774,36.990530727030276],[27.538475384753866,36.98715357249051],[27.563675636756386,36.97364495433145],[27.567275672756722,36.997285036109815],[27.588875888758906,36.99897361337969],[27.617676176761762,36.9888421497604],[27.635676356763582,36.98039926341099],[27.65727657276574,36.997285036109815],[27.686076860768623,37.00572792245923],[27.718477184771842,37.00572792245923],[27.740077400774027,36.99390788157005],[27.75087750877509,36.997285036109815],[27.761677616776183,36.997285036109815],[27.772477724777247,36.99559645883993],[27.779677796777975,36.99390788157005],[27.786877868778703,37.00403934518934],[27.786877868778703,37.0074164997291],[27.794077940779403,37.0074164997291],[27.804878048780495,37.00403934518934],[27.887678876788783,37.02599084969782],[27.912879128791303,37.027679426967694],[27.941679416794187,37.02261369515806],[27.95247952479525,37.02092511788817],[27.963279632796343,37.02430227242793],[27.974079740797407,37.032745158777345],[27.9848798487985,37.034433736047234],[28,37.032542529504966],[28,38],[27.11039082984913,38],[27.117271172711725,37.9935456253406],[27.142471424714245,37.986791316261076],[27.178471784717857,37.981725584451425],[27.21447214472144,37.981725584451425],[27.23967239672396,37.98847989353095],[27.26487264872648,37.95133119359353],[27.275672756727573,37.92937968908507],[27.261272612726145,37.919248225465765],[27.26487264872648,37.90911676184646],[27.26487264872648,37.89391956641752],[27.261272612726145,37.883788102798235],[27.254072540725417,37.877033793718695],[27.243272432724325,37.86859090736928],[27.23967239672396,37.86521375282952],[27.236072360723625,37.84495082559093],[27.243272432724325,37.83313078470175],[27.254072540725417,37.82468789835234],[27.261272612726145,37.81624501200292],[27.261272612726145,37.78247346660527],[27.25767257672578,37.758833384826914],[27.250472504725053,37.74363618939796],[27.225272252722533,37.721684684889496],[27.21447214472144,37.71324179854008],[27.128071280712817,37.68791313949184],[27.10647106471066,37.68622456222195],[27.0380703807038,37.689601716761715],[27.02007020070201,37.68622456222195],[27.01287012870128,37.66596163498336]]],[[[27.354873548735497,36.70684974568999],[27.36567365673656,36.70178401388034],[27.369273692736925,36.69671828207069],[27.369273692736925,36.69165255026104],[27.362073620736226,36.684898241181514],[27.369273692736925,36.684898241181514],[27.369273692736925,36.67814393210199],[27.38367383673838,36.684898241181514],[27.394473944739445,36.684898241181514],[27.401674016740174,36.67814393210199],[27.405274052740538,36.664635313942924],[27.4160741607416,36.669701045752575],[27.426874268742694,36.66801246848269],[27.44847448474485,36.664635313942924],[27.455674556745578,36.662946736673035],[27.46647466474664,36.65281527305375],[27.47367473674737,36.65112669578386],[27.477274772747734,36.65281527305375],[27.480874808748098,36.657881004863384],[27.488074880748826,36.664635313942924],[27.552875528755294,36.684898241181514],[27.560075600756022,36.67476677756221],[27.570875708757086,36.67307820029234],[27.585275852758542,36.6764553548321],[27.603276032760334,36.67814393210199],[27.621276212762126,36.6764553548321],[27.639276392763946,36.67138962302245],[27.671676716767166,36.657881004863384],[27.671676716767166,36.67983250937186],[27.686076860768623,36.71191547749963],[27.68247682476826,36.720358363849044],[27.68247682476826,36.727112672928584],[27.696876968769686,36.73386698200811],[27.718477184771842,36.75581848651659],[27.736477364773663,36.76088421832624],[27.75087750877509,36.75919564105635],[27.765277652776547,36.75581848651659],[27.77607776077761,36.75581848651659],[27.786877868778703,36.76088421832624],[27.786877868778703,36.7541299092467],[27.804878048780495,36.76088421832624],[27.82647826478265,36.75750706378646],[27.844478444784443,36.74906417743705],[27.855278552785535,36.740621291087635],[27.862478624786263,36.740621291087635],[27.869678696786963,36.752441331976826],[27.87687876878769,36.75075275470694],[27.88407884078842,36.74399844562741],[27.891278912789147,36.740621291087635],[27.898478984789847,36.745687022897286],[27.905679056790575,36.752441331976826],[27.912879128791303,36.7541299092467],[27.916479164791667,36.740621291087635],[27.930879308793095,36.747375600167175],[27.945279452794523,36.75581848651659],[27.95247952479525,36.75919564105635],[27.95967959679598,36.747375600167175],[27.966879668796707,36.747375600167175],[27.981279812798135,36.7541299092467],[28,36.758121091884604],[28,36.79701977190173],[27.995679956799563,36.79803291826366],[27.95967959679598,36.794655763723895],[27.941679416794187,36.79634434099377],[27.920079200792003,36.79972149553353],[27.90207902079021,36.80647580461307],[27.898478984789847,36.81154153642271],[27.887678876788783,36.808164381882946],[27.797677976779767,36.80647580461307],[27.786877868778703,36.80141007280342],[27.761677616776183,36.78114714556483],[27.747277472774726,36.78452430010459],[27.736477364773663,36.782835722834704],[27.722077220772206,36.78114714556483],[27.704077040770414,36.789590031914244],[27.689676896768987,36.78452430010459],[27.646476464764646,36.80647580461307],[27.62487624876249,36.80141007280342],[27.617676176761762,36.789590031914244],[27.617676176761762,36.77608141375518],[27.610476104761062,36.76594995013588],[27.592475924759242,36.76088421832624],[27.556475564755658,36.762572795596114],[27.484474844748462,36.7541299092467],[27.459274592745942,36.75581848651659],[27.44847448474485,36.7541299092467],[27.437674376743786,36.747375600167175],[27.426874268742694,36.735555559278],[27.42327423274233,36.720358363849044],[27.4160741607416,36.70853832295987],[27.401674016740174,36.705161168420105],[27.38367383673838,36.705161168420105],[27.369273692736925,36.70853832295987],[27.354873548735497,36.71191547749963],[27.354873548735497,36.70684974568999]]],[[[27.95967959679598,36.60215795495726],[27.963279632796343,36.595403645877724],[27.966879668796707,36.59202649133796],[27.974079740797407,36.59033791406809],[27.970479704797043,36.58696075952831],[27.966879668796707,36.578517873178896],[27.966879668796707,36.57514071863913],[27.97767977679777,36.565009255019845],[27.992079920799227,36.559943523210194],[28,36.56118181320811],[28,36.60215795495726],[27.95967959679598,36.60215795495726]]],[[[27.966879668796707,36.68827539572128],[27.970479704797043,36.67983250937186],[27.981279812798135,36.6764553548321],[27.992079920799227,36.6764553548321],[27.999279992799927,36.67814393210199],[28,36.677806216648015],[28,36.69887966097614],[27.970479704797043,36.69334112753093],[27.966879668796707,36.68827539572128]]],[[[27.999279992799927,36.70684974568999],[28,36.70617431478204],[28,36.706793459781],[27.999279992799927,36.70684974568999]]]]}},{"type":"Feature","id":"C2","properties":{"code":"C2","band":"C","column":2,"bounds":[28,36,30,38],"labelPoint":[29,37.061301005155286],"squareCentroid":[29,37],"provinces":["Denizli (güney)","Burdur","Isparta","Antalya (batı)"],"areaKm2":29159,"clipped":true},"geometry":{"type":"Polygon","coordinates":[[[28,36.56118181320811],[28.00288002880029,36.56163210048008],[28.013680136801383,36.57514071863913],[28.017280172801748,36.56669783228972],[28.024480244802447,36.56332067774996],[28.03528035280354,36.565009255019845],[28.049680496804967,36.56838640955961],[28.046080460804603,36.57176356409937],[28.042480424804268,36.580206450448784],[28.042480424804268,36.58189502771867],[28.049680496804967,36.585272182258436],[28.05328053280533,36.58696075952831],[28.056880568805695,36.59033791406809],[28.06048060480606,36.59709222314761],[28.089280892808944,36.5886493367982],[28.1108811088111,36.60384653222714],[28.132481324813256,36.62917519127538],[28.143281432814348,36.65112669578386],[28.16128161281614,36.67307820029234],[28.182881828818296,36.684898241181514],[28.233282332823336,36.700095436610454],[28.233282332823336,36.705161168420105],[28.229682296822972,36.705161168420105],[28.226082260822608,36.70684974568999],[28.229682296822972,36.70853832295987],[28.233282332823336,36.71191547749963],[28.233282332823336,36.720358363849044],[28.240482404824064,36.71529263203941],[28.247682476824764,36.71191547749963],[28.254882548825492,36.727112672928584],[28.265682656826584,36.73048982746835],[28.283682836828376,36.727112672928584],[28.29448294482947,36.720358363849044],[28.28728287282874,36.74230986835752],[28.247682476824764,36.767638527405765],[28.254882548825492,36.789590031914244],[28.240482404824064,36.79803291826366],[28.2368823688237,36.8132301136926],[28.244082440824428,36.830115886391425],[28.258482584825856,36.84700165909025],[28.272882728827284,36.852067390899904],[28.28728287282874,36.845313081820365],[28.301683016830168,36.83518161820108],[28.316083160831624,36.82842730912154],[28.316083160831624,36.82167300004201],[28.28728287282874,36.81829584550225],[28.280082800828012,36.814918690962486],[28.272882728827284,36.80478722734318],[28.276482764827648,36.79634434099377],[28.28728287282874,36.79296718645401],[28.316083160831624,36.794655763723895],[28.31248312483126,36.79972149553353],[28.308883088830896,36.81660726823236],[28.316083160831624,36.81660726823236],[28.323283232832324,36.809852959152835],[28.37728377283773,36.789590031914244],[28.39528395283955,36.789590031914244],[28.406084060840612,36.79972149553353],[28.41328413284134,36.814918690962486],[28.424084240842404,36.82842730912154],[28.41328413284134,36.83687019547095],[28.406084060840612,36.83687019547095],[28.39528395283955,36.83518161820108],[28.391683916839185,36.83518161820108],[28.384483844838456,36.8419359272806],[28.37728377283773,36.84869023636014],[28.37728377283773,36.85375596816978],[28.38808388083882,36.85713312270954],[28.416884168841705,36.86051027724932],[28.434884348843497,36.865576009058955],[28.44568445684459,36.87401889540837],[28.44568445684459,36.88246178175778],[28.45288452884529,36.88415035902767],[28.456484564845653,36.877396049948146],[28.460084600846017,36.867264586328844],[28.460084600846017,36.86388743178908],[28.46368463684638,36.86219885451919],[28.46368463684638,36.85882169997943],[28.467284672846745,36.85375596816978],[28.46368463684638,36.850378813630016],[28.460084600846017,36.84869023636014],[28.45288452884529,36.850378813630016],[28.456484564845653,36.82842730912154],[28.46368463684638,36.81829584550225],[28.47808478084781,36.81660726823236],[28.499684996849965,36.81660726823236],[28.499684996849965,36.808164381882946],[28.485284852848537,36.80141007280342],[28.499684996849965,36.79803291826366],[28.506885068850693,36.79803291826366],[28.517685176851785,36.79634434099377],[28.52848528485285,36.789590031914244],[28.524885248852485,36.8132301136926],[28.54648546485467,36.8233615773119],[28.575285752857525,36.81998442277212],[28.58968589685898,36.808164381882946],[28.58968589685898,36.79972149553353],[28.59688596885971,36.794655763723895],[28.59688596885971,36.803098650073295],[28.600486004860045,36.80647580461307],[28.60408604086041,36.81660726823236],[28.611286112861137,36.81660726823236],[28.607686076860773,36.809852959152835],[28.607686076860773,36.80478722734318],[28.611286112861137,36.80141007280342],[28.60408604086041,36.80141007280342],[28.60408604086041,36.794655763723895],[28.6148861488615,36.78452430010459],[28.618486184861865,36.767638527405765],[28.611286112861137,36.747375600167175],[28.60408604086041,36.73386698200811],[28.6148861488615,36.705161168420105],[28.62208622086223,36.700095436610454],[28.636486364863657,36.71529263203941],[28.650886508865085,36.71866978657917],[28.661686616866177,36.710226900229756],[28.66528665286654,36.69334112753093],[28.67248672486727,36.69334112753093],[28.701287012870125,36.705161168420105],[28.74808748087483,36.69840685934058],[28.784087840878414,36.67814393210199],[28.787687876878778,36.65112669578386],[28.80568805688057,36.65450385032362],[28.81648816488166,36.65112669578386],[28.82368823688239,36.64437238670433],[28.841688416884182,36.63761807762479],[28.841688416884182,36.63086376854527],[28.827288272882726,36.627486614005505],[28.820088200882026,36.620732304925966],[28.820088200882026,36.61228941857655],[28.827288272882726,36.60215795495726],[28.841688416884182,36.600469377687375],[28.859688596885974,36.600469377687375],[28.870488704887066,36.607223686766915],[28.863288632886338,36.6173551503862],[28.877688776887766,36.62579803673562],[28.895688956889586,36.640995232164556],[28.902889028890286,36.657881004863384],[28.884888848888494,36.67138962302245],[28.888488884888858,36.657881004863384],[28.888488884888858,36.647749541244096],[28.88128881288813,36.640995232164556],[28.877688776887766,36.63086376854527],[28.870488704887066,36.63086376854527],[28.866888668886702,36.63424092308503],[28.85608856088561,36.64437238670433],[28.863288632886338,36.65112669578386],[28.859688596885974,36.65450385032362],[28.85608856088561,36.65619242759351],[28.84888848888491,36.664635313942924],[28.863288632886338,36.66801246848269],[28.863288632886338,36.67476677756221],[28.859688596885974,36.684898241181514],[28.863288632886338,36.69334112753093],[28.870488704887066,36.69671828207069],[28.877688776887766,36.69840685934058],[28.89928899288995,36.700095436610454],[28.89928899288995,36.70684974568999],[28.892088920889222,36.70684974568999],[28.892088920889222,36.71191547749963],[28.902889028890286,36.72373551838882],[28.92448924489247,36.740621291087635],[28.938889388893898,36.75075275470694],[28.946089460894626,36.73724413654787],[28.95688956889569,36.727112672928584],[29.03249032490325,36.70178401388034],[29.097290972909747,36.664635313942924],[29.10089100891011,36.65956958213327],[29.10809108091081,36.65281527305375],[29.11529115291154,36.642683809434445],[29.11529115291154,36.63424092308503],[29.111691116911175,36.62579803673562],[29.097290972909747,36.62410945946574],[29.09009090090902,36.627486614005505],[29.097290972909747,36.63761807762479],[29.097290972909747,36.64437238670433],[29.079290792907926,36.63930665489468],[29.068490684906862,36.62410945946574],[29.054090540905406,36.61397799584644],[29.043290432904342,36.62410945946574],[29.036090360903614,36.61397799584644],[29.02529025290255,36.59709222314761],[29.021690216902186,36.59033791406809],[29.03249032490325,36.57514071863913],[29.036090360903614,36.56163210048008],[29.03249032490325,36.55150063686078],[29.01449014490146,36.54812348232102],[29.036090360903614,36.544746327781255],[29.08289082890829,36.559943523210194],[29.097290972909747,36.54812348232102],[29.104491044910446,36.54812348232102],[29.11529115291154,36.55318921413067],[29.118891188911903,36.53630344143184],[29.122491224912267,36.500843318764296],[29.122491224912267,36.49408900968477],[29.11529115291154,36.49071185514501],[29.10809108091081,36.48902327787512],[29.097290972909747,36.47889181425582],[29.097290972909747,36.47382608244618],[29.111691116911175,36.46707177336664],[29.122491224912267,36.45356315520759],[29.129691296912966,36.43667738250876],[29.122491224912267,36.418103032540046],[29.126091260912602,36.41641445527016],[29.129691296912966,36.41641445527016],[29.129691296912966,36.41134872346052],[29.118891188911903,36.40966014619063],[29.10809108091081,36.40628299165087],[29.10089100891011,36.39952868257134],[29.097290972909747,36.39108579622193],[29.104491044910446,36.39108579622193],[29.111691116911175,36.38939721895204],[29.122491224912267,36.382642909872516],[29.11529115291154,36.377577178062865],[29.144091440914423,36.377577178062865],[29.144091440914423,36.36913429171345],[29.14049140491406,36.36575713717369],[29.14049140491406,36.36237998263391],[29.144091440914423,36.34887136447486],[29.15849158491585,36.357314250824274],[29.176491764917643,36.340428478125446],[29.23409234092341,36.32354270542662],[29.248492484924867,36.31172266453744],[29.255692556925567,36.29652546910849],[29.262892628926295,36.293148314568725],[29.320493204932063,36.24755672828189],[29.327693276932763,36.25431103736142],[29.33489334893349,36.24755672828189],[29.34209342093422,36.237425264662605],[29.349293492934947,36.23235953285295],[29.356493564935647,36.235736687392716],[29.36009360093601,36.24080241920237],[29.363693636936375,36.24755672828189],[29.370893708937103,36.25431103736142],[29.374493744937467,36.25937676917107],[29.378093780937803,36.26106534644096],[29.381693816938167,36.26444250098072],[29.39249392493926,36.26781965552048],[29.399693996939988,36.26613107825061],[29.403294032940323,36.26106534644096],[29.406894068940687,36.25937676917107],[29.41049410494105,36.26781965552048],[29.414094140941415,36.23911384193248],[29.421294212942144,36.230670955583065],[29.432094320943207,36.24080241920237],[29.49329493294934,36.210408028344474],[29.522095220952224,36.20534229653482],[29.601296012960148,36.20703087380471],[29.622896228962304,36.1985879874553],[29.612096120961212,36.20027656472517],[29.601296012960148,36.1985879874553],[29.59409594095942,36.195210832915535],[29.583295832958328,36.19183367837576],[29.583295832958328,36.18507936929623],[29.633696336963368,36.19183367837576],[29.640896408964096,36.18676794656612],[29.64449644496446,36.17832506021671],[29.637296372963732,36.173259328407056],[29.622896228962304,36.17832506021671],[29.633696336963368,36.15637355570823],[29.66969669696698,36.14455351481905],[29.673296732967344,36.12260201031057],[29.687696876968772,36.14117636027929],[29.687696876968772,36.14455351481905],[29.698496984969864,36.146242092088926],[29.70209702097023,36.1496192466287],[29.70209702097023,36.15468497843834],[29.705697056970564,36.15806213297812],[29.72009720097202,36.163127864787754],[29.730897308973084,36.16481644205764],[29.741697416974176,36.16143928751788],[29.756097560975604,36.15130782389858],[29.75969759697597,36.15468497843834],[29.763297632976332,36.15637355570823],[29.774097740977425,36.15806213297812],[29.77049770497706,36.15468497843834],[29.77049770497706,36.15130782389858],[29.766897668976696,36.147930669358814],[29.763297632976332,36.14455351481905],[29.763297632976332,36.13779920573951],[29.781297812978124,36.1394877830094],[29.79569795697958,36.14455351481905],[29.81009810098101,36.15468497843834],[29.824498244982465,36.16481644205764],[29.80289802898031,36.16481644205764],[29.80289802898031,36.17157075113717],[29.82809828098283,36.17832506021671],[29.83529835298353,36.17832506021671],[29.838898388983893,36.18339079202636],[29.83529835298353,36.18507936929623],[29.831698316983164,36.18507936929623],[29.842498424984257,36.19183367837576],[29.882098820988205,36.1985879874553],[29.89649896498966,36.20534229653482],[29.91089910899109,36.217162337424],[29.918099180991817,36.21885091469389],[29.925299252992545,36.21885091469389],[29.939699396993973,36.217162337424],[29.950499504995065,36.21378518288424],[29.96129961299613,36.21378518288424],[29.97209972099722,36.21885091469389],[29.990099900999013,36.217162337424],[30,36.221805924916175],[30,38],[28,38],[28,37.032542529504966],[28.092880928809308,37.02092511788817],[28.1108811088111,37.01417080880864],[28.1108811088111,37.02092511788817],[28.107281072810736,37.032745158777345],[28.125281252812528,37.03612231331711],[28.175681756817568,37.034433736047234],[28.305283052830532,37.05131950874606],[28.316083160831624,37.04963093147617],[28.323283232832324,37.04456519966652],[28.330483304833052,37.03612231331711],[28.330483304833052,37.03105658150747],[28.301683016830168,37.02430227242793],[28.247682476824764,37.0074164997291],[28.254882548825492,36.99390788157005],[28.244082440824428,36.9888421497604],[28.229682296822972,36.990530727030276],[28.21168211682118,37.00066219064958],[28.208082080820816,36.990530727030276],[28.197281972819724,36.98039926341099],[28.21168211682118,36.98039926341099],[28.21168211682118,36.97364495433145],[28.204482044820452,36.96689064525192],[28.18648186481866,36.93818483166392],[28.17928179281793,36.94325056347357],[28.175681756817568,36.94662771801333],[28.157681576815776,36.94662771801333],[28.157681576815776,36.93818483166392],[28.164881648816504,36.93649625439403],[28.168481684816868,36.93311909985427],[28.168481684816868,36.929741945314504],[28.164881648816504,36.92636479077474],[28.168481684816868,36.92129905896509],[28.168481684816868,36.91623332715544],[28.164881648816504,36.91116759534579],[28.157681576815776,36.92467621350485],[28.157681576815776,36.93143052258439],[28.150481504815048,36.93143052258439],[28.143281432814348,36.928053368044615],[28.121681216812163,36.93818483166392],[28.1108811088111,36.93143052258439],[28.10368103681037,36.93143052258439],[28.096480964809643,36.93649625439403],[28.092880928809308,36.93818483166392],[28.089280892808944,36.93649625439403],[28.082080820808216,36.93143052258439],[28.074880748807487,36.93818483166392],[28.064080640806424,36.939873408933806],[28.042480424804268,36.93818483166392],[28.042480424804268,36.93143052258439],[28.06048060480606,36.93143052258439],[28.06048060480606,36.92636479077474],[28.05328053280533,36.92636479077474],[28.03528035280354,36.92467621350485],[28.02808028080281,36.92636479077474],[28.031680316803175,36.92129905896509],[28.031680316803175,36.91792190442533],[28.03528035280354,36.914544749885565],[28.042480424804268,36.91116759534579],[28.03528035280354,36.90441328626626],[28.020880208802083,36.91116759534579],[28.02808028080281,36.90272470899639],[28.03528035280354,36.892593245377086],[28.056880568805695,36.877396049948146],[28.056880568805695,36.87064174086861],[28.046080460804603,36.867264586328844],[28.03528035280354,36.86219885451919],[28.02808028080281,36.86051027724932],[28.020880208802083,36.86388743178908],[28.017280172801748,36.86051027724932],[28.013680136801383,36.85882169997943],[28.01008010080102,36.85713312270954],[28.006480064800655,36.85713312270954],[28.017280172801748,36.84869023636014],[28.024480244802447,36.83855877274084],[28.024480244802447,36.83349304093119],[28.013680136801383,36.83518161820108],[28.006480064800655,36.82842730912154],[28.024480244802447,36.82842730912154],[28.038880388803904,36.82673873185166],[28.049680496804967,36.81998442277212],[28.056880568805695,36.808164381882946],[28.03528035280354,36.79803291826366],[28.031680316803175,36.79127860918412],[28.02808028080281,36.78114714556483],[28.01008010080102,36.794655763723895],[28,36.79701977190173],[28,36.758121091884604],[28.020880208802083,36.762572795596114],[28.03528035280354,36.77439283648529],[28.038880388803904,36.764261372866],[28.046080460804603,36.762572795596114],[28.067680676806788,36.77439283648529],[28.08568085680858,36.79634434099377],[28.096480964809643,36.80141007280342],[28.107281072810736,36.803098650073295],[28.118081180811828,36.80141007280342],[28.125281252812528,36.79127860918412],[28.125281252812528,36.77101568194553],[28.12888128881289,36.7541299092467],[28.118081180811828,36.764261372866],[28.114481144811464,36.767638527405765],[28.1108811088111,36.77439283648529],[28.10368103681037,36.767638527405765],[28.092880928809308,36.75919564105635],[28.08568085680858,36.7541299092467],[28.082080820808216,36.747375600167175],[28.089280892808944,36.740621291087635],[28.107281072810736,36.73893271381776],[28.118081180811828,36.73386698200811],[28.118081180811828,36.71866978657917],[28.100081000810007,36.710226900229756],[28.08568085680858,36.710226900229756],[28.089280892808944,36.727112672928584],[28.07848078480785,36.72204694111893],[28.042480424804268,36.720358363849044],[28.042480424804268,36.71866978657917],[28.038880388803904,36.71360405476952],[28.031680316803175,36.70853832295987],[28.02808028080281,36.70684974568999],[28.020880208802083,36.705161168420105],[28,36.706793459781],[28,36.70617431478204],[28.006480064800655,36.700095436610454],[28,36.69887966097614],[28,36.677806216648015],[28.006480064800655,36.67476677756221],[28.017280172801748,36.67138962302245],[28.02808028080281,36.669701045752575],[28.03528035280354,36.67476677756221],[28.03528035280354,36.68827539572128],[28.038880388803904,36.689963972991166],[28.049680496804967,36.684898241181514],[28.056880568805695,36.6764553548321],[28.06048060480606,36.664635313942924],[28.056880568805695,36.65281527305375],[28.049680496804967,36.64437238670433],[28.049680496804967,36.63761807762479],[28.056880568805695,36.642683809434445],[28.074880748807487,36.657881004863384],[28.089280892808944,36.64437238670433],[28.074880748807487,36.63086376854527],[28.064080640806424,36.61904372765609],[28.05328053280533,36.60891226403679],[28.03528035280354,36.60215795495726],[28,36.60215795495726],[28,36.56118181320811]]]}},{"type":"Feature","id":"C3","properties":{"code":"C3","band":"C","column":3,"bounds":[30,36,32,38],"labelPoint":[31,37.10267114826741],"squareCentroid":[31,37],"provinces":["Antalya","Isparta (güney)","Konya (batı)"],"areaKm2":26963,"clipped":true},"geometry":{"type":"Polygon","coordinates":[[[30,36.221805924916175],[30.05490054900551,36.24755672828189],[30.05490054900551,36.25431103736142],[30.033300333003325,36.25431103736142],[30.04770047700478,36.25937676917107],[30.058500585005845,36.25599961463131],[30.065700657006573,36.24924530555178],[30.0729007290073,36.24755672828189],[30.108901089010885,36.24080241920237],[30.11250112501125,36.24755672828189],[30.108901089010885,36.25431103736142],[30.12330123301234,36.24755672828189],[30.12330123301234,36.25431103736142],[30.13050130501307,36.27457396460002],[30.13770137701377,36.26106534644096],[30.13770137701377,36.25431103736142],[30.144901449014498,36.25431103736142],[30.144901449014498,36.27457396460002],[30.14850148501486,36.28977116002896],[30.159301593015925,36.29821404637838],[30.234902349023486,36.308345509997665],[30.252902529025306,36.308345509997665],[30.360903609036086,36.26781965552048],[30.38250382503827,36.27457396460002],[30.3969039690397,36.26613107825061],[30.400504005040062,36.24755672828189],[30.3969039690397,36.20534229653482],[30.425704257042582,36.225605223773414],[30.44010440104401,36.23911384193248],[30.450904509045102,36.26106534644096],[30.46530465304653,36.271196810060246],[30.476104761047623,36.27963969640966],[30.486904869048686,36.288082582759074],[30.479704797047987,36.28977116002896],[30.479704797047987,36.29145973729885],[30.47250472504726,36.288082582759074],[30.46530465304653,36.288082582759074],[30.479704797047987,36.308345509997665],[30.504905049050507,36.32691985996638],[30.519305193051935,36.34211705539532],[30.494104941049414,36.34887136447486],[30.501305013050143,36.3640685599038],[30.486904869048686,36.370822868983325],[30.476104761047623,36.38433148714239],[30.476104761047623,36.40121725984122],[30.486904869048686,36.418103032540046],[30.486904869048686,36.42654591888946],[30.50850508505087,36.45356315520759],[30.519305193051935,36.48902327787512],[30.537305373053726,36.50590905057395],[30.569705697056975,36.52786055508243],[30.56610566105661,36.5396805959716],[30.580505805058067,36.57514071863913],[30.58410584105843,36.59709222314761],[30.576905769057703,36.59033791406809],[30.569705697056975,36.600469377687375],[30.562505625056247,36.60891226403679],[30.55890558905591,36.61904372765609],[30.555305553055547,36.63761807762479],[30.55890558905591,36.65281527305375],[30.562505625056247,36.662946736673035],[30.569705697056975,36.67138962302245],[30.576905769057703,36.67814393210199],[30.576905769057703,36.684898241181514],[30.56610566105661,36.700095436610454],[30.56610566105661,36.71866978657917],[30.569705697056975,36.75075275470694],[30.569705697056975,36.78114714556483],[30.57330573305734,36.789590031914244],[30.587705877058767,36.80647580461307],[30.602106021060223,36.83855877274084],[30.627306273062743,36.85882169997943],[30.68490684906851,36.8909046681072],[30.728107281072823,36.865576009058955],[30.74970749707498,36.85544454543967],[30.7749077490775,36.850378813630016],[30.940509405094048,36.85713312270954],[31.340113401134005,36.808164381882946],[31.376113761137617,36.79127860918412],[31.37971379713798,36.767638527405765],[31.408514085140865,36.762572795596114],[31.59571595715957,36.6950297048008],[31.610116101161026,36.68152108664175],[31.628116281162818,36.67138962302245],[31.703717037170378,36.64437238670433],[31.725317253172534,36.640995232164556],[31.736117361173626,36.642683809434445],[31.750517505175054,36.63255234581514],[31.768517685176846,36.61060084130668],[31.808118081180822,36.59709222314761],[31.81531815318155,36.59033791406809],[31.833318333183342,36.59202649133796],[31.862118621186227,36.5886493367982],[31.887318873188747,36.58189502771867],[31.89811898118981,36.57176356409937],[31.908919089190903,36.56332067774996],[31.926919269192695,36.559943523210194],[31.96651966519667,36.56163210048008],[31.97371973719737,36.558254945940305],[31.9809198091981,36.55487779140054],[31.988119881198827,36.54981205959089],[31.99891998919989,36.54812348232102],[32,36.54812348232102],[32,38],[30,38],[30,36.221805924916175]]]}},{"type":"Feature","id":"C4","properties":{"code":"C4","band":"C","column":4,"bounds":[32,36,34,38],"labelPoint":[33,37.01317655296363],"squareCentroid":[33,37],"provinces":["Konya","Karaman","Mersin (batı)"],"areaKm2":35850,"clipped":true},"geometry":{"type":"Polygon","coordinates":[[[32,36.54812348232102],[32.00972009720098,36.54812348232102],[32.02052020520205,36.54643490505113],[32.027720277202775,36.543057750511366],[32.08892088920891,36.49408900968477],[32.103321033210335,36.48564612333536],[32.11412114121143,36.4704489279064],[32.13212132121322,36.438365959778636],[32.13572135721358,36.438365959778636],[32.15012150121501,36.433300227968985],[32.15012150121501,36.42992307342922],[32.16452164521647,36.41472587800028],[32.17532175321753,36.402905837111106],[32.178921789217895,36.39615152803157],[32.178921789217895,36.38770864168215],[32.19332193321935,36.35900282809415],[32.25092250922509,36.315099819077204],[32.27612276122761,36.288082582759074],[32.279722797227976,36.27963969640966],[32.28332283322834,36.250933882821656],[32.286922869228704,36.24417957374213],[32.304923049230496,36.23404811012283],[32.30852308523086,36.22898237831319],[32.31932319323195,36.22898237831319],[32.36612366123663,36.17832506021671],[32.380523805238056,36.16988217386729],[32.40212402124021,36.16481644205764],[32.42012420124203,36.15975071024799],[32.42732427324273,36.147930669358814],[32.438124381243824,36.1394877830094],[32.513725137251384,36.10233908307198],[32.531725317253176,36.09896192853222],[32.56772567725679,36.09558477399246],[32.57132571325715,36.09389619672257],[32.63252632526326,36.0618132285948],[32.67212672126723,36.04661603316585],[32.76212762127622,36.02973026046702],[32.80532805328053,36.02635310592726],[32.85572855728557,36.0618132285948],[32.866528665286666,36.07194469221409],[32.87732877328773,36.07532184675385],[32.942129421294226,36.10402766034187],[32.96012960129602,36.10233908307198],[33.02853028530285,36.08883046491292],[33.057330573305734,36.090519042182805],[33.07173071730719,36.08883046491292],[33.07893078930789,36.085453310373154],[33.082530825308254,36.08207615583339],[33.08613086130862,36.08207615583339],[33.09693096930971,36.08883046491292],[33.11133111331114,36.10402766034187],[33.12213122131223,36.11922485577081],[33.132931329313294,36.131044896659986],[33.158131581315814,36.13779920573951],[33.168931689316906,36.13442205119975],[33.1869318693187,36.125979164850335],[33.201332013320155,36.12260201031057],[33.21213212132122,36.12429058758046],[33.2409324093241,36.131044896659986],[33.28773287732878,36.1293563193901],[33.309333093330935,36.132733473929875],[33.327333273332755,36.1496192466287],[33.34893348933491,36.147930669358814],[33.384933849338495,36.13779920573951],[33.39933399333995,36.1394877830094],[33.435334353343535,36.15468497843834],[33.45693456934569,36.15806213297812],[33.47853478534785,36.15637355570823],[33.52173521735219,36.146242092088926],[33.54333543335434,36.14455351481905],[33.54333543335434,36.13779920573951],[33.52893528935289,36.131044896659986],[33.55053550535507,36.127667742120224],[33.57573575735759,36.14455351481905],[33.59733597335975,36.168193596597405],[33.618936189361904,36.18507936929623],[33.63333633336333,36.190145101105884],[33.64773647736479,36.19183367837576],[33.65493654936549,36.188456523835995],[33.65853658536585,36.174947905676945],[33.68373683736837,36.14286493754916],[33.687336873368736,36.13779920573951],[33.694536945369464,36.14455351481905],[33.70173701737019,36.17157075113717],[33.70533705337053,36.18170221475647],[33.73413734137341,36.208719451074586],[33.74133741337414,36.21378518288424],[33.77733777337775,36.225605223773414],[33.788137881378816,36.225605223773414],[33.79893798937991,36.230670955583065],[33.813338133381336,36.250933882821656],[33.82413824138243,36.25937676917107],[33.820538205382064,36.26444250098072],[33.8169381693817,36.26613107825061],[33.80973809738097,36.26781965552048],[33.82773827738279,36.271196810060246],[33.838538385383856,36.27963969640966],[33.85653856538565,36.3049683554579],[33.870938709387104,36.315099819077204],[33.88173881738817,36.31172266453744],[33.896138961389624,36.3049683554579],[33.91053910539105,36.30159120091814],[33.93213932139321,36.28977116002896],[33.946539465394665,36.26444250098072],[33.95013950139503,36.237425264662605],[33.9429394293943,36.21885091469389],[33.9429394293943,36.21378518288424],[33.95733957339573,36.21378518288424],[33.96453964539646,36.22053949196378],[33.96453964539646,36.23235953285295],[33.96813968139682,36.24755672828189],[33.97533975339755,36.25937676917107],[33.996939969399705,36.27963969640966],[33.996939969399705,36.2863940054892],[33.99333993339934,36.28301685094944],[33.98973989739898,36.28132827367955],[34,36.30218220296258],[34,38],[32,38],[32,36.54812348232102]]]}},{"type":"Feature","id":"C5","properties":{"code":"C5","band":"C","column":5,"bounds":[34,36,36,38],"labelPoint":[35,36.93550199854903],"squareCentroid":[35,37],"provinces":["Mersin","Niğde","Adana (batı)"],"areaKm2":26756,"clipped":true},"geometry":{"type":"MultiPolygon","coordinates":[[[[34,36.30218220296258],[34.00054000540007,36.30327977818803],[34.02574025740259,36.31003408726755],[34.05814058140581,36.315099819077204],[34.07614076140763,36.32860843723627],[34.07974079740799,36.355625673554385],[34.07614076140763,36.38770864168215],[34.07614076140763,36.41472587800028],[34.11214112141121,36.42992307342922],[34.148141481414825,36.45862888701723],[34.16974169741698,36.46707177336664],[34.17694176941771,36.47382608244618],[34.18054180541807,36.48395754606547],[34.19134191341914,36.49915474149442],[34.27774277742779,36.58696075952831],[34.306543065430674,36.60891226403679],[34.414544145441454,36.662946736673035],[34.50454504545047,36.727112672928584],[34.533345333453354,36.740621291087635],[34.540545405454054,36.74399844562741],[34.54774547745478,36.762572795596114],[34.55494554945551,36.767638527405765],[34.583745837458395,36.78114714556483],[34.59814598145982,36.78452430010459],[34.62694626946271,36.789590031914244],[34.691746917469175,36.8132301136926],[34.734947349473515,36.82167300004201],[34.76374763747637,36.808164381882946],[34.7709477094771,36.81660726823236],[34.85374853748539,36.78114714556483],[34.893348933489335,36.745687022897286],[34.90774907749079,36.740621291087635],[34.90414904149043,36.72373551838882],[34.90054900549006,36.720358363849044],[34.91494914949149,36.725424095658695],[34.92934929349295,36.727112672928584],[34.93294932949331,36.727112672928584],[34.94734947349474,36.72880125019846],[34.961749617496196,36.727112672928584],[34.98334983349835,36.720358363849044],[35.01575015750157,36.703472591150216],[35.04095040950409,36.6950297048008],[35.29295292952929,36.57176356409937],[35.30735307353075,36.56838640955961],[35.32175321753218,36.565009255019845],[35.33615336153363,36.54643490505113],[35.3469534695347,36.54136917324148],[35.3469534695347,36.544746327781255],[35.37575375753758,36.56163210048008],[35.39375393753937,36.56838640955961],[35.404554045540465,36.57176356409937],[35.40815408154083,36.578517873178896],[35.41175411754119,36.58358360498855],[35.43695436954371,36.59371506860785],[35.44415444154441,36.59709222314761],[35.48735487354875,36.59202649133796],[35.530555305553065,36.58189502771867],[35.49815498154982,36.59371506860785],[35.48735487354875,36.59709222314761],[35.480154801548025,36.5987808004175],[35.480154801548025,36.607223686766915],[35.49095490954912,36.61397799584644],[35.505355053550545,36.6173551503862],[35.51255512555127,36.61228941857655],[35.54495544955449,36.59033791406809],[35.555755557555585,36.58696075952831],[35.58815588155883,36.59033791406809],[35.5989559895599,36.59202649133796],[35.61335613356135,36.600469377687375],[35.62415624156242,36.60215795495726],[35.631356313563145,36.607223686766915],[35.631356313563145,36.63086376854527],[35.638556385563874,36.640995232164556],[35.64215642156421,36.64943811851397],[35.6529565295653,36.6663238912128],[35.656556565565666,36.67476677756221],[35.69615696156961,36.70684974568999],[35.681756817568186,36.703472591150216],[35.66735667356673,36.69671828207069],[35.62055620556205,36.65450385032362],[35.60975609756099,36.64606096397421],[35.606156061560625,36.657881004863384],[35.62415624156242,36.68152108664175],[35.64935649356494,36.69840685934058],[35.71055710557107,36.720358363849044],[35.69615696156961,36.72373551838882],[35.68535685356855,36.720358363849044],[35.67455674556746,36.71529263203941],[35.663756637566394,36.71191547749963],[35.656556565565666,36.71698120930928],[35.6529565295653,36.727112672928584],[35.64935649356494,36.73386698200811],[35.63495634956351,36.727112672928584],[35.638556385563874,36.720358363849044],[35.64215642156421,36.71360405476952],[35.638556385563874,36.70684974568999],[35.63495634956351,36.700095436610454],[35.631356313563145,36.705161168420105],[35.62775627756278,36.70853832295987],[35.62415624156242,36.710226900229756],[35.62055620556205,36.71191547749963],[35.61695616956169,36.69671828207069],[35.59535595355953,36.70178401388034],[35.580955809558105,36.684898241181514],[35.57375573755738,36.700095436610454],[35.580955809558105,36.71360405476952],[35.59535595355953,36.725424095658695],[35.606156061560625,36.740621291087635],[35.61335613356135,36.735555559278],[35.61695616956169,36.732178404738235],[35.61695616956169,36.727112672928584],[35.61335613356135,36.720358363849044],[35.62415624156242,36.725424095658695],[35.63495634956351,36.74399844562741],[35.64935649356494,36.7541299092467],[35.68535685356855,36.764261372866],[35.76815768157681,36.767638527405765],[35.80415804158042,36.77439283648529],[35.822158221582214,36.78452430010459],[35.85455854558546,36.81660726823236],[35.865358653586554,36.82167300004201],[35.87975879758798,36.82673873185166],[35.89415894158941,36.83518161820108],[35.95175951759518,36.8909046681072],[35.98415984159843,36.91623332715544],[36,36.92069117114793],[36,38],[34,38],[34,36.30218220296258]]],[[[35.78615786157863,36.3049683554579],[35.796957969579694,36.28132827367955],[35.81135811358115,36.26950823279037],[35.82575825758258,36.257688191901195],[35.840158401584034,36.24417957374213],[35.8509585095851,36.21378518288424],[35.865358653586554,36.19689941018541],[35.87975879758798,36.18170221475647],[35.948159481594814,36.08714188764304],[35.9769597695977,36.01791021957784],[35.9769597695977,36.001024446879015],[35.966159661596635,35.99427013779949],[35.922959229592294,35.93179277881383],[35.91215912159123,35.918284160654764],[35.91935919359193,35.914907006115],[35.940959409594115,35.918284160654764],[35.958959589595906,35.925038469734304],[35.98055980559806,35.92672704700418],[35.991359913599155,35.914907006115],[35.991359913599155,35.87775830617758],[36,35.87100399709806],[36,36.487932197177635],[35.991359913599155,36.47889181425582],[35.98055980559806,36.475514659716055],[35.940959409594115,36.46369461882688],[35.933759337593386,36.45862888701723],[35.93015930159302,36.455251732477464],[35.91935919359193,36.44849742339794],[35.91215912159123,36.42654591888946],[35.908559085590866,36.418103032540046],[35.897758977589774,36.413037300730394],[35.883358833588346,36.40459441438098],[35.872558725587254,36.397840105301455],[35.86175861758619,36.3742000235231],[35.858158581585826,36.36913429171345],[35.84375843758437,36.36913429171345],[35.832958329583306,36.36575713717369],[35.82575825758258,36.36069140536404],[35.814958149581514,36.35224851901462],[35.789757897578994,36.320165550886855],[35.78615786157863,36.3049683554579]]]]}},{"type":"Feature","id":"C6","properties":{"code":"C6","band":"C","column":6,"bounds":[36,36,38,38],"labelPoint":[37,36.91017333950079],"squareCentroid":[37,37],"provinces":["Gaziantep","Adana","Osmaniye","Hatay","Kahramanmaraş"],"areaKm2":28501,"clipped":true},"geometry":{"type":"Polygon","coordinates":[[[36,35.87100399709806],[36.00216002160022,35.86931541982817],[36.02016020160201,35.865938265288406],[36.048960489604895,35.865938265288406],[36.08136081360814,35.85411822439923],[36.13896138961391,35.820346679001574],[36.1569615696157,35.82203525627145],[36.167761677616795,35.85242964712934],[36.174961749617495,35.923349892464415],[36.19656196561965,35.95205570605242],[36.2289622896229,35.960498592401834],[36.25416254162542,35.95543286059218],[36.268562685626875,35.95881001513196],[36.275762757627575,35.99427013779949],[36.29736297362973,36.001024446879015],[36.33696336963371,35.987515828719964],[36.35856358563586,35.99427013779949],[36.3549635496355,36.022975951387494],[36.35856358563586,36.16650501932753],[36.36216362163623,36.18170221475647],[36.36576365763659,36.188456523835995],[36.37296372963729,36.195210832915535],[36.376563765637655,36.20534229653482],[36.36216362163623,36.21885091469389],[36.37296372963729,36.2272938010433],[36.38736387363875,36.215473760154126],[36.39816398163981,36.208719451074586],[36.41256412564127,36.20365371926495],[36.43776437764379,36.20196514199506],[36.444964449644516,36.20027656472517],[36.452164521645216,36.20027656472517],[36.459364593645944,36.20365371926495],[36.46296462964631,36.208719451074586],[36.46656466564667,36.215473760154126],[36.470164701647036,36.22222806923365],[36.4809648096481,36.225605223773414],[36.49896498964989,36.2272938010433],[36.57456574565745,36.21885091469389],[36.59256592565927,36.21885091469389],[36.66456664566647,36.22898237831319],[36.6717667176672,36.237425264662605],[36.66816668166683,36.25937676917107],[36.66456664566647,36.27457396460002],[36.65016650166501,36.3049683554579],[36.65016650166501,36.30665693272779],[36.635766357663584,36.31678839634708],[36.62136621366216,36.32185412815673],[36.58896588965891,36.32523128269649],[36.578165781657816,36.333674169045906],[36.58176581765818,36.333674169045906],[36.58896588965891,36.34211705539532],[36.59256592565927,36.357314250824274],[36.596165961659636,36.36575713717369],[36.59256592565927,36.3742000235231],[36.58896588965891,36.38095433260263],[36.585365853658544,36.38770864168215],[36.58176581765818,36.38939721895204],[36.56376563765639,36.39615152803157],[36.55656556565566,36.40121725984122],[36.552965529655296,36.40797156892074],[36.534965349653504,36.462006041557004],[36.53136531365314,36.47889181425582],[36.534965349653504,36.49408900968477],[36.56376563765639,36.532926286892064],[36.570965709657116,36.57514071863913],[36.570965709657116,36.620732304925966],[36.58176581765818,36.662946736673035],[36.596165961659636,36.68658681845139],[36.59976599765997,36.705161168420105],[36.59976599765997,36.725424095658695],[36.603366033660336,36.747375600167175],[36.61416614166143,36.76594995013588],[36.63216632166322,36.78452430010459],[36.64296642966431,36.803098650073295],[36.63936639366395,36.82842730912154],[36.65016650166501,36.82842730912154],[36.65736657366574,36.82673873185166],[36.660966609666104,36.82673873185166],[36.84456844568447,36.77608141375518],[36.90576905769058,36.772704259215416],[36.92736927369273,36.769327104675654],[36.94536945369455,36.762572795596114],[36.963369633696345,36.7541299092467],[36.98136981369814,36.74230986835752],[37.01017010170102,36.720358363849044],[37.01737017370175,36.70684974568999],[37.020970209702114,36.68658681845139],[37.01017010170102,36.65450385032362],[37.013770137701385,36.642683809434445],[37.03177031770318,36.62917519127538],[37.05337053370533,36.620732304925966],[37.06057060570606,36.622420882195854],[37.071370713707154,36.63086376854527],[37.08577085770858,36.64437238670433],[37.10377103771037,36.65112669578386],[37.121771217712194,36.64943811851397],[37.13617136171362,36.64606096397421],[37.15777157771578,36.64437238670433],[37.21897218972191,36.657881004863384],[37.240572405724066,36.657881004863384],[37.406174061740614,36.63424092308503],[37.44577445774459,36.63424092308503],[37.59337593375935,36.710226900229756],[37.65457654576548,36.732178404738235],[37.82017820178203,36.76088421832624],[37.978579785797876,36.81998442277212],[38,36.82375206080555],[38,38],[36,38],[36,36.92069117114793],[36.02016020160201,36.92636479077474],[36.05976059760599,36.91792190442533],[36.09576095760957,36.89765897718674],[36.12816128161282,36.86895316359873],[36.18936189361895,36.80141007280342],[36.200162001620015,36.78452430010459],[36.20376203762038,36.769327104675654],[36.200162001620015,36.70684974568999],[36.20376203762038,36.700095436610454],[36.20736207362074,36.68827539572128],[36.21096210962111,36.67983250937186],[36.21456214562147,36.669701045752575],[36.21456214562147,36.657881004863384],[36.21096210962111,36.642683809434445],[36.200162001620015,36.622420882195854],[36.18936189361895,36.60384653222714],[36.17856178561786,36.59709222314761],[36.16416164161643,36.59371506860785],[36.05616056160562,36.537992018701715],[36.04536045360453,36.537992018701715],[36.03816038160383,36.52786055508243],[36,36.487932197177635],[36,35.87100399709806]]]}},{"type":"Feature","id":"C7","properties":{"code":"C7","band":"C","column":7,"bounds":[38,36,40,38],"labelPoint":[39,37.329784791066636],"squareCentroid":[39,37],"provinces":["Şanlıurfa","Adıyaman","Diyarbakır (batı)"],"areaKm2":24411,"clipped":true},"geometry":{"type":"Polygon","coordinates":[[[38,36.82375206080555],[38.00738007380073,36.825050154581774],[38.02538025380255,36.83518161820108],[38.12258122581227,36.88415035902767],[38.1909819098191,36.90610186353615],[38.22338223382235,36.907790440806025],[38.28818288182882,36.9010361317265],[38.478984789847914,36.85544454543967],[38.529385293852954,36.83349304093119],[38.6337863378634,36.74399844562741],[38.662586625866254,36.720358363849044],[38.723787237872386,36.69334112753093],[38.79578795787958,36.68658681845139],[38.957789577895795,36.69334112753093],[38.97938979389795,36.69840685934058],[39.033390333903355,36.70178401388034],[39.184591845918476,36.65956958213327],[39.23859238592388,36.66125815940316],[39.44019440194404,36.69165255026104],[39.76419764197644,36.74230986835752],[39.980199801998026,36.80647580461307],[40,36.816094664418294],[40,38],[38,38],[38,36.82375206080555]]]}},{"type":"Feature","id":"C8","properties":{"code":"C8","band":"C","column":8,"bounds":[40,36,42,38],"labelPoint":[41,37.40804733220915],"squareCentroid":[41,37],"provinces":["Diyarbakır","Mardin","Batman","Siirt"],"areaKm2":18549,"clipped":true},"geometry":{"type":"Polygon","coordinates":[[[40,36.816094664418294],[40.081000810008106,36.85544454543967],[40.11700117001172,36.86388743178908],[40.1530015300153,36.87064174086861],[40.189001890018915,36.88415035902767],[40.26100261002611,36.92298763623498],[40.39420394203944,36.99390788157005],[40.41220412204123,37.00403934518934],[40.43380433804339,37.01079365426888],[40.45540455404554,37.01417080880864],[40.48060480604806,37.01585938607852],[40.52740527405274,37.02599084969782],[40.66060660606607,37.08509105414372],[40.707407074070744,37.10028824957266],[40.89820898208984,37.122239754081136],[41.135811358113585,37.08509105414372],[41.1790117901179,37.069893858714764],[41.20061200612008,37.06482812690513],[41.48141481414814,37.074959590524415],[41.89541895418955,37.1543227222089],[42,37.17425057239551],[42,38],[40,38],[40,36.816094664418294]]]}},{"type":"Feature","id":"C9","properties":{"code":"C9","band":"C","column":9,"bounds":[42,36,44,38],"labelPoint":[43,37.55520985659598],"squareCentroid":[43,37],"provinces":["Şırnak","Hakkâri","Siirt (doğu)"],"areaKm2":14378,"clipped":true},"geometry":{"type":"Polygon","coordinates":[[[42,37.17425057239551],[42.01062010620106,37.17627422671738],[42.0538205382054,37.19653715395597],[42.12942129421296,37.25394878113198],[42.179821798218,37.30629467649834],[42.19422194221943,37.31304898557788],[42.21222212222122,37.324869026467056],[42.22302223022231,37.31473756284775],[42.22302223022231,37.28772032652964],[42.23742237422374,37.28603174925975],[42.266222662226625,37.27421170837057],[42.27342273422735,37.27590028564046],[42.28062280622808,37.282654594719986],[42.28422284222842,37.28603174925975],[42.291422914229145,37.284343171989875],[42.29502295022951,37.27927744018022],[42.30222302223024,37.26914597656092],[42.3058230582306,37.264080244751284],[42.33822338223382,37.242128740242805],[42.34542345423455,37.24044016297292],[42.35262352623528,37.226931544813866],[42.33462334623346,37.17120849490773],[42.34542345423455,37.157699876748666],[42.35622356223564,37.152634144939015],[42.35622356223564,37.11041971319196],[42.40302403024032,37.11379686773172],[42.46062460624606,37.12899406316066],[42.54702547025471,37.14081410404984],[42.56142561425614,37.14587983585949],[42.5650256502565,37.152634144939015],[42.575825758257594,37.179651381257145],[42.701827018270194,37.324869026467056],[42.70542705427056,37.33331191281647],[42.70902709027092,37.340066221895995],[42.70902709027092,37.346820530975535],[42.71622716227162,37.35526341732495],[42.72342723427235,37.35864057186471],[42.770227702277026,37.37552634456354],[42.78102781027812,37.37552634456354],[42.79182791827918,37.37383776729365],[42.802628026280274,37.368772035484],[42.80622806228064,37.35188626278517],[42.81342813428134,37.346820530975535],[42.89622896228963,37.324869026467056],[42.9358293582936,37.319803294657405],[42.979029790297915,37.33162333554658],[43.004230042300435,37.346820530975535],[43.04383043830438,37.360329149134586],[43.08343083430836,37.368772035484],[43.11583115831158,37.37046061275389],[43.130231302313035,37.367083458214125],[43.263432634326364,37.31136040830799],[43.27063270632706,37.30798325376823],[43.27783277832779,37.30798325376823],[43.288632886328884,37.309671831038116],[43.295832958329584,37.31642614011764],[43.306633066330676,37.319803294657405],[43.32463324633247,37.32149187192729],[43.33543335433356,37.319803294657405],[43.364233642336444,37.304606099228465],[43.37503375033751,37.29616321287905],[43.41823418234182,37.27927744018022],[43.465034650346524,37.24888304932233],[43.47943479434795,37.24381731751268],[43.49383493834938,37.24550589478257],[43.515435154351565,37.25226020386209],[43.52983529835299,37.25394878113198],[43.54423544235442,37.25226020386209],[43.55143551435515,37.24888304932233],[43.56943569435694,37.237063008433154],[43.59463594635946,37.22862012208374],[43.61983619836198,37.226931544813866],[43.72063720637206,37.2319972766235],[43.74583745837458,37.23030869935363],[43.7710377103771,37.22524296754398],[43.78183781837819,37.220177235734326],[43.80343803438035,37.2032914630355],[43.81063810638108,37.199914308495735],[43.82143821438214,37.201602885765624],[43.83943839438396,37.21680008119456],[43.893438934389366,37.22524296754398],[43.925839258392585,37.25226020386209],[43.95463954639547,37.28772032652964],[43.99063990639908,37.31304898557788],[44,37.3141465608033],[44,38],[42,38],[42,37.17425057239551]]]}},{"type":"Feature","id":"C10","properties":{"code":"C10","band":"C","column":10,"bounds":[44,36,46,38],"labelPoint":[44.40032400324003,37.484289611260905],"squareCentroid":[45,37],"provinces":["Hakkâri (güneydoğu)"],"areaKm2":4596,"clipped":true},"geometry":{"type":"Polygon","coordinates":[[[44,37.3141465608033],[44.033840338403394,37.31811471738753],[44.069840698407006,37.31304898557788],[44.0878408784088,37.31136040830799],[44.185041850418514,37.27927744018022],[44.20664206642067,37.26745739929105],[44.22464224642246,37.25394878113198],[44.235442354423554,37.237063008433154],[44.24264242642428,37.2134229266548],[44.24984249842498,37.19147142214632],[44.24984249842498,37.16951991763784],[44.23904239042392,37.157699876748666],[44.23184231842319,37.1543227222089],[44.21744217442176,37.152634144939015],[44.20664206642067,37.14587983585949],[44.18864188641888,37.12899406316066],[44.18144181441815,37.10873113592207],[44.18144181441815,37.08677963141359],[44.18864188641888,37.066516704175],[44.228242282422826,36.99390788157005],[44.235442354423554,36.98377641795075],[44.24264242642428,36.977022108871225],[44.285842858428595,36.96857922252181],[44.29664296642966,36.970267799791685],[44.30744307443075,36.977022108871225],[44.31464314643148,36.99390788157005],[44.33264332643327,37.01585938607852],[44.336243362433635,37.03105658150747],[44.34344343443436,37.04287662239665],[44.42984429844299,37.06482812690513],[44.45504455044551,37.0766481677943],[44.48024480244803,37.09184536322324],[44.50184501845018,37.117174022271485],[44.537845378453795,37.1441912585896],[44.57744577445774,37.16614276309808],[44.60984609846099,37.177962803987256],[44.62784627846278,37.179651381257145],[44.73224732247323,37.16783134036797],[44.753847538475384,37.159388454018554],[44.764647646476476,37.142502681319726],[44.771847718477204,37.16107703128843],[44.764647646476476,37.177962803987256],[44.75744757447575,37.194848576686084],[44.753847538475384,37.215111503924675],[44.76104761047611,37.23368585389339],[44.771847718477204,37.242128740242805],[44.78624786247863,37.24888304932233],[44.797047970479724,37.26070309021151],[44.80064800648006,37.29278605833929],[44.779047790477904,37.31304898557788],[44.721447214472164,37.34344337643577],[44.714247142471436,37.35695199459482],[44.70704707047071,37.37046061275389],[44.696246962469644,37.38059207637319],[44.66024660246603,37.37552634456354],[44.6530465304653,37.38396923091295],[44.638646386463876,37.41267504450096],[44.62424624246242,37.42111793085037],[44.58464584645847,37.424495085390134],[44.57384573845738,37.43124939446966],[44.56664566645668,37.44644658989861],[44.58104581045811,37.47684098075649],[44.57384573845738,37.49372675345532],[44.57024570245704,37.513989680693925],[44.57024570245704,37.53931833974215],[44.57744577445774,37.564646998790394],[44.588245882458835,37.58322134875911],[44.58464584645847,37.60179569872781],[44.55944559445595,37.61530431688688],[44.54144541445416,37.632190089585706],[44.54504545045452,37.6625844804436],[44.55224552245522,37.67102736679301],[44.588245882458835,37.694667448571366],[44.5990459904599,37.70648748946054],[44.595445954459564,37.716618953079845],[44.55944559445595,37.752079075747375],[44.53424534245343,37.7689648484462],[44.50544505445055,37.779096312065505],[44.48024480244803,37.77740773479562],[44.4658446584466,37.77065342571609],[44.45144451444514,37.76727627117633],[44.437044370443715,37.76727627117633],[44.42984429844299,37.779096312065505],[44.42984429844299,37.78585062114503],[44.43344433444335,37.80104781657397],[44.43344433444335,37.80611354838362],[44.42624426244262,37.81117928019327],[44.41904419044192,37.809490702923384],[44.411844118441195,37.80780212565351],[44.40464404644047,37.809490702923384],[44.3938439384394,37.821310743812575],[44.386643866438675,37.83313078470175],[44.38304383043831,37.84495082559093],[44.37944379443795,37.85339371194034],[44.36864368643688,37.86014802101987],[44.33264332643327,37.87365663917893],[44.31824318243184,37.877033793718695],[44.253442534425346,37.87027948463917],[44.2210422104221,37.87534521644882],[44.203042030420306,37.897296720957286],[44.20664206642067,37.904051030036825],[44.20664206642067,37.90911676184646],[44.21744217442176,37.919248225465765],[44.22464224642246,37.92937968908507],[44.22464224642246,37.941199729974244],[44.2210422104221,37.95639692540318],[44.2210422104221,37.96821696629236],[44.228242282422826,37.981725584451425],[44.235442354423554,37.9935456253406],[44.24002924966529,38],[44,38],[44,37.3141465608033]]]}}]}